1;Denken
2;Leben
3;Menschen
4;Maschinen
19;Drupallernen
20;Nacht der lebenden Totgeburten
25;Wordpress
26;Drupal
27;Import
28;Export
29;Migration
30;Encoding
31;Russische Weisheiten
33;Blog
34;Karl Heinz Stockhausen
35;Zwölftonmusik
36;Karlheinz Stockhausen
39;Google
42;Emergente Systeme
46;Wolfgang Schäuble
47;Atomkraft
48;Krebs
49;Leukämie
50;Kernenergie
51;Ivan Illich
52;Im Weinberg des Textes
53;Buch
54;Computer
55;Deep Blue Sea
56;Haie
57;Meer
58;Sehnsucht
60;Blue Monday
62;New Order
63;Mars
64;Ferrero
65;Zukunft
66;Bluetooth
67;Dr. Claus Richter
69;Computerspiele
70;Matthias Dittmeyer
71;Stefan Niggemeier
72;Northern Exposure
73;Ausgerechnet Alaska
74;Denis Leary
75;Kaffee
76;Starbucks
77;Dunkin Donuts
78;Amazon
79;Kindle
80;Eeepc
81;Apple
82;Ipod Touch
83;Iphone
84;Totgeburt
85;Ein (un)möglicher Härtefall
86;Intolerable Cruelty
87;Andy Wachowski
88;Larry Wachowski
89;Joel Coen
90;Ethan Coen
91;George Clooney
92;Catherine Zeta-Jones
93;Schlaflos in Seattle
94;Tom Hanks
95;Meg Ryan
96;Fernsehen
97;Simon Pegg
98;Nick Frost
99;Hot Fuzz
100;Shaun of the Dead
101;Spaced
102;Silbenbrunnen
103;Inspiration
104;Blogdesign
105;Webdesign
106;Nine Inch Nails
107;Trent Reznor
108;Universal Music
109;Year Zero
110;Netzrecht
111;Luxus
112;Herbert Grönemeyer
113;Paranuss
114;Journaille
116;Deutsche Bahn
117;Bahn
118;Demokratie
119;Schlafsack
120;Amerika
121;USA
122;Imperium Americanum
123;Dollar
126;Geschichte
127;Gerechtigkeit
131;Allgemeines
133;Musik
134;In Memoriam
136;Eine Art Idol
137;Marc Fischer
138;Traumtagebuch
139;WM
140;Jetzt
142;Zeitung
143;Filme und Serien
144;Serrano-Schinken
145;Parma-Schinken
146;Zigarren
147;Vier Jahreszeiten
148;Vivaldi
149;Älterwerden
150;Marshall McLuhan
151;Scott McCloud
152;Platten und Hörbücher
153;Zunft
154;Dendemann
155;Daniel Ebel
156;Außen Top Hits Innen Geschmack
157;Fettes Brot
158;HipHop
159;O Brother where art thou?
160;Kunst
161;Ästhetik
162;Architektur
163;Moderne
164;Dauerhaftigkeit
165;Nachhaltigkeit
167;Pulp Fiction
168;Natural Born Killers
170;Quentin Tarantino
171;Matrix
172;James Bond
173;Stirb an einem anderen Tag
174;Dozer
175;Call it Conspiracy
176;Stoner Rock
177;Johnny Depp
178;Todesstern
179;Architext
180;Mann
181;Audioslave
182;Progressive Rock
183;James Bond - Feuerball
184;Silke Bischoff
185;To protect and to serve
186;Dark Wave
187;Ghost Dog
188;Jim Jarmusch
189;Japan
191;Samurai
193;Megavier
194;Bücher und Graphic Novels
195;Herbert Wehner
196;Liebling des Monats
198;Jäger
199;Prono
200;Liebe
201;Werbung
202;Börse
203;Was Frauen wollen
204;Mel Gibson
205;James Caan
206;Nicole Kidman
207;Lars von Trier
208;Dogville
209;Stanisław Lem
210;Sigur Rós
211;()
212;Krieg
213;Hamlet
214;Klaus Kinski
215;Der Flug des Phoenix
216;Neuharlingerkotze
217;Hanns Joachim Friedrichs
218;Ein Minute der Menschheit
219;Johnny Cash
220;American III: Solitary Man
221;Country
222;Agaetis byrjun
223;Games und Spiele
224;Melissa Etheridge
225;Brave and Crazy
226;Rock
227;Björk Guðmundsdóttir
228;Björk
229;Homogenic
230;Tool
231;Ænima
232;Element of Crime
233;Damals hinterm Mond
234;Deutschrock
235;Jamie Oliver
236;Tali
237;Lyric on my Lip
238;Drum and Bass
239;XML
240;Die Sterne
241;Posen
242;Hamburger Schule
243;Jim Dodge
244;Harry Rohwolt
245;Fup
246;Markup Remarks
248;Photographie
249;Lizenz
250;Marlon Brando
251;E-Paper
252;Digitales Papier
253;Libiré
254;E-Ink
255;Sony
256;Cybersamurai
257;Mohammed Ali
258;Cassius Clay
259;Haruki Murakami
260;Hardboiled Wonderland oder das Ende der Welt
261;Múm
262;Summer make Good
263;Elektronica
264;Avantgarde
265;Island
266;Mozilla
267;Transmetropolitan
268;Hellboy
269;Bhagwan Shree Rajneesh
270;Typographik
271;OpenSWF
272;Macromedia
273;Flash
274;OpenOffice
275;Coco Rosie
276;La Maison de mon Reve
277;Neofolk
279;Freundeskreis
280;Esperanto
281;System of a Down
282;Toxicity
283;Eins Zwo
284;Gefährliches Halbwissen
285;Medulla
286;Walther Rathenau
287;Hopes and Fears
288;Keane
289;Britpop
290;Woven Hand
291;Consider the Birds
292;Wikipedia
293;Blumentopf
294;Gern Geschehen
295;München
296;Kinderzimmer Productions
297;Irgendjemand muss doch
298;Rainer Maria Rilke
299;Zwei
300;Sprache
301;Seeed
302;New Dubby Conquerors
303;BigBand
304;Nationalgalerie
305;Indiana
306;Semantic Weblog
307;Semantic Web
308;Alexander von Humboldt
309;Schutzparton des Jahres
311;Tocotronic
312;Coldplay
313;Pure Vernunft darf niemals siegen
314;Ars Vivendi
315;Ellen MacArthur
316;Talin
317;Peter Molyneux
318;Karol Wojtyla
319;Underdogs
320;Unbreakable
321;Bruce Willis
322;The Crow
323;Christen
324;Demut
325;Bright Eyes
326;I'm wide awake it's morning
327;Folk
328;Christian Kjellvander
329;Songs from a two-room Chaple
330;Kristofer Åström
331;Go
333;gone
334;IE
335;Internet Explorer
336;Firefox
337;Carlo Pedersoli
338;Godwins Gesetz
339;Rage Against The Machine
340;Octopussy
341;With Teeth
342;De:Bug
343;GEO
344;Journalismus
345;Sealand
346;Jog
347;Powerbook Blogger
348;Lev Manovich
349;dctp
350;The Language of New Media
351;Gorillaz
352;Feel Good Inc.
353;Crossover
354;Kommst Du mit in den Alltag?
355;Blumfeld
356;Christian Brückner
357;X&Y
358;Pop
359;Linkin Park
360;Faint
361;Jesus Christus Erlöser
362;Benjamin von Stuckrad-Barre
363;Stereo Total
364;My Melodie
365;Franciose Kaktus
366;Brezel Göhring
367;Patrice
368;Soulstorm
369;Reagge
370;Sommer
371;Jamiroquai
372;Emergency On Planet Earth
373;Funk
374;Dreiliegerad
375;Liegerad
376;Dreirad
377;Fahrrad
378;Kettcar
379;Takk ...
380;Sky Captain and the World of Tomorrow
381;Science Fiction
382;Immortal Ad Vitam
383;Enki Bilal
384;Alexander Nikopol
385;Millers Crossing
386;Mafia
387;Rivers and Tides
388;Andy Goldsworthy
389;Der König von Narnia
390;Jefferson Airplane
391;White Rabbit
392;Schöne Frauen
393;Die Rache der Sith
395;Star Wars - Episode III
396;Avenue Q
397;Das große Rennen rund um die Welt
398;Blake Edwards
399;Jack Lemmon
400;Tony Curtis
401;Water
402;Wasser - Die Insel der Verrückten
403;Cyberpunk
404;Jarhead
405;Das Schweigen der Lämmer
406;Ein Charmantes Ekel
407;Once Around
408;Holly Hunter
409;Richard Dreyfuss
410;Warren Ellis
411;Jurassic Park
414;Enzyklopädie
415;Toni Takitani
416;Fegefeuer der Eitelkeiten
417;Sushi
418;Klara Kontrol
419;Einetassekaffeeundeinebananebitte
420;Der talentierte Mr. Ripley
421;Sommer vorm Balkon
422;Medien
423;Nana Mouskouri
424;Guten Morgen Sonnenschein
425;King Arthur
426;Rom
427;Imperium Romanum
429;Bolzen
430;CSS
431;HTML
432;Windtalkers
433;John Woo
434;Nicolas Cage
435;Erzählung
436;The Score
437;Literatur
438;Unternehmen Capricorn
440;Philosophie
441;Aldous Huxley
442;Schöne neue Welt
443;Joseph Beuys
444;Technologie
445;Technik
446;Tiere
447;Nordisch by Nature
448;L.A. Crash
449;Killing Zoe
450;Bernard Black
451;Fran Katzenjammer
452;Mannie Bianco
453;Black Books
454;Dresden
456;Douglas Coupland
457;Lord of War
459;Tränen der Sonne
460;Anmut
461;Black Rebel Motorcycle Club
462;Howl
463;Gustav
464;Rettet die Wale
465;Faktorsche Gesetz
466;Text
467;Gleichheit
468;Amusement Parks on Fire
469;Alternative
470;Malerei
471;Comics
472;Wahnsinnig Verliebt
473;Audrey Tautou
474;Shane MacGowan
476;Monokultur
477;Spider Jerusalem
478;Star Wars - Episode IV
479;Krieg der Sterne
480;Deutsch
481;Rechtschreibung
482;Orthographie
483;Men in Black II
484;Das Imperium schlägt zurück
485;Star Wars - Episode V
486;Irland
487;Osteraufstand
488;Die Kinder des Monsieur Mathieu
489;Blade II
490;Das tödliche Wespennest
491;Elizabeth
492;Die Welt ist nicht genug
493;The National
494;Alligator
495;Der Einsatz
496;Al Pacino
497;Tschernobyl
499;Napster
500;Paul Spiegel
501;Johnny Knoxville
502;Hedda Gabler
503;Katharina Schüttler
504;Wissen
505;Hamburg
506;Uhrwerk Orange
507;Clockwork Orange
508;Alexboy
509;Ultrabrutale
510;Gnarls Barkley
511;DJ Danger Mouse
512;Cee-Lo Green
513;10.000 Days
514;Netzliteratur
515;X-Men 2
516;Nichts als die Wahrheit
517;Adrian Frutiger
518;Gogol Bordello
519;Gypsy Punks Underdog World Strike
520;Balkan Punk
521;Gypsy Punk
522;Anna Ternheim
523;Somebody Outside
524;Norwegen
525;Faya
526;Schweden
527;Sonnenallee
528;Collateral
529;Zinedine Zidane
530;Ali G Indahouse
531;Ilysium
532;Elysium
533;Halbgott
534;Paradies
535;Mystery Science Theater 3000
536;Rudolf Wijbrand Kesselaar
537;Rudi Carrell
538;Mediawiki
539;Harry und Sally
541;Arthur C. Clarke
543;Magie
544;Nicht auflegen!
545;Herr der Ringe
546;Anfang
547;Community
548;Content Management
549;Framework
550;Typo3
551;Elisabeth Volkmann
552;And One
553;So klingt Liebe
554;Israel
555;Armee
556;Wehrpflicht
558;Frau
559;Mädchen
560;Liebe hat zwei Gesichter
561;Dead Man
562;Bildung
563;Vittorio Hösle
564;Die Könige der Nutzholzgewinnung
565;Hudson Hawk
566;Illich
567;Ivan
568;Inside Man
569;Clive Owen
571;Rome
572;Steve Irwin
573;Thomas Crown ist nicht zu fassen
575;No Man's Land
576;From Hell
577;Syriana
578;Elementarteilchen
579;S.W.A.T.
580;Michelle Rodriguez
582;Winston Smith
583;V wie Vendetta
584;Adam Sutler
585;Natalie Portman
586;16 Blocks
587;Willy Loman
590;Heinz Sielmann
591;Paula
592;Himmelfahrt
593;Elektro
594;Die Wonder Boys
596;Bela B.
597;Terkel in Trouble
599;Tom Sizemore
600;Carrie-Anne Moss
601;Val Kilmer
602;Red Planet
604;Mike Mignola
605;Bundeswehr
606;Sin City
607;Mickey Rourke
608;Elijah Wood
610;Robert Rodriguez
611;Frank Miller
612;Ethan Jarlweski
613;Kaitlin Anna Boyd Joyce
614;Saw
617;Michelle Monaghan
618;Kiss Kiss Bang Bang
620;Robert Downey Jr.
621;6
623;Woddy Allen
624;Match Point
625;Scarlett Johansson
626;Niels Ruf
628;Affektiertheit
629;Zirkus
630;Mia.
631;Anne van Kesteren
632;Sir Tim Berners Lee
633;W3C
634;XHTML
637;Verzeichnis
638;Schlagwort
639;Stichwort
640;School of Rock
641;Jack Black
642;Jerry Lewis
643;Kaneda
644;Akira
645;Katsuhiro Otomo
646;Literatur
647;Kante
648;Die Tiere sind unruhig
649;Unterhaltung
650;Dann war das wohl Liebe
651;Kaitlin
652;Handy
653;Senseo
654;Bodum
655;Javascript
656;Actionscript
657;Ecmascript
658;Adobe
660;SVG
661;Microsoft
662;Browser
663;Eclipse
664;Java
665;RSS
666;Feedreader
667;Gregarius
668;Alltag
669;Jochen Distelmeyer
670;Fever
671;Too bad but true
672;DHR
673;Digital Hardcore
674;Widget
675;Webstandard
676;An Other Cup
677;Yusuf Islam
678;Cat Stevens
679;Islam
680;Salman Rushdie
681;Tarkan
683;Stolz und Vorurteil
684;Keira Knightley
685;Winona Ryder
686;Mr. Darcy
687;19. Jahrhundert
688;Misanthropie
689;Stolz
690;Vorurteil
691;Dirk von Lowtzow
692;Curt Cobain
693;Conor Oberst
695;PHP
696;UTF-8
697;ISO-8859-1
699;John Cusack
700;Gene Hackman
701;Dustin Hoffman
702;Rachel Weisz
703;Das Urteil
704;Gericht
705;Prozess
706;Waffe
709;Glenn Close
710;Helena Bonham Carter
711;Franco Zeffirelli
712;Marketing
713;Xing
714;OpenBC
715;Twix
716;Raider
717;Bielefeld
719;Der Faust
720;Schauspielpreis
721;Theater
722;Mensch
723;Harry Potter
724;Playstation 3
725;Wii
726;Konsole
727;Gamepad
728;Natürlichkeit
729;Ingeborg Bachmann Preis
730;Kathrin Passig
731;Todessternstaubsaugerfabrikfabrik
732;Muskelkater
733;Sonnenaufgang
734;Unterwegs nach Cold Mountain
735;Gott
737;Eigentum
738;Renée Zellweger
739;Jude Law
741;Ewan McGregor
742;Long Way Round
743;Top Level Domain
744;New York
745;Berlin
746;Kopfschmerz
747;Migräne
748;Entspannungskopfschmerz
749;Gunnar Lott
750;Uwe Schünemann
751;Christian Pfeiffer
752;Killerspiel
753;Digitale Revolution
754;Der Stern
755;Günther Beckstein
756;Ys
757;Harfe
758;Joanna Newsom
759;HSV
760;Sportreporter
761;Brandenburg
762;Rainald Grebe
763;Selbstkritik
764;Türkei
765;Design
766;Möbel
767;James Brown
768;Saddam Hussein
769;Die Axt
771;Gavras Constantine
772;King Kong
773;Peter Jackson
775;Scrubs
776;Robert Kelso
777;Ashley Hames
778;Chris Crudelli
779;Man's Work
780;Chris Crudellis Martial Arts
781;Kampfsport
782;Alles auf Zucker
783;Dani Levy
784;Hannelore Elsner
785;CSU
786;Atomenergie
787;Atomausstieg
788;Berchtesgaden
789;Endlager
790;Bayern
791;Sigmar Gabriel
792;Franz Josef Strauß
793;Palindrome
794;Todd Solodnz
795;Wal*Mart - Der hohe Preis der niedrigen Preise
797;Walmart
798;Mikrostaat
799;Datenhafen
800;Bloc Party
801;A Weekend in the City
802;Rolf Dieter Brinkmann
803;Brinkmanns Zorn
804;Moebius
805;Andreas Göldi
806;New Economy
807;Web 2.0
808;Zeitschrift
809;Mainstream
811;Alice
812;Vanessa Hessler
813;DSL
814;Michael Köhlmeier
815;Klassische Sagen des  Altertums
816;Sagen
817;Antike
818;Mythos
819;65daysofstatic
820;One Time for All
821;Progrock
822;Postrock
823;Mathrock
824;Last.fm
825;Intro
826;Techstep
827;Quelltext
828;Erzähltheorie
829;Narratologie
830;Figur
831;Setting
832;Handlung
833;Gero von Randow
834;Lars Windhorst
835;Die Zeit
836;SETI
837;Karen
838;Single Malt
839;Whisky
840;Scotch
842;Anneliese Michel
843;Sandra Hüller
844;Requiem
845;Exorzismus
846;Schreibmaschine
847;Schallplatte
848;Atom
849;Bit
850;Digital
851;Textverarbeitung
852;Lautlos
853;Joachim Król
854;Der Schwarm
855;Frank Schätzing
856;Storegga-Effekt
857;Methanhydrat
858;The Abyss
859;Alien
860;Contact
861;Armageddon
862;Rambo
863;Einer flog übers Kuckucksnest
864;Perm
865;Oktoberfest
866;Oktoberfestattentat
867;Wehrsportgruppe Hoffmann
868;Gladio
869;Bologna
870;Rechtsextremismus
872;Mac
873;OS X
874;Opera
875;Flickr
876;Net News Wire
877;Google Mail
878;Zend Studio
879;Google Reader
880;Google Calendar
881;Itunes
882;Lektionen
883;Fort Boyard
884;Ninja
885;Galileo
886;Kultur
887;Peter Drucker
888;Maybritt Illner
889;Sascha Lobo
890;Norbert Blüm
891;Witta Pohl
892;Prosopagnosie
893;Androgyn
894;Busfahren
895;Annie Lennox
896;Gesichtsblindheit
897;Kinder
898;Arbeit
899;Battletech
901;Die Mauer des Zorns
902;Holy Cross
903;Terror
904;Nordirland
905;Holy Cross Dispute
906;Die Insel
907;Tempo
908;Mercedes Bunz
909;Tagesspiegel
910;Zitty
911;Yahoo
912;Yahoo! Pipes
913;Web 3.0
914;Industrial
915;Der Schimmelreiter
916;Hauke Haien
917;David Gale
918;Das Leben des David Gale
919;Todesstrafe
921;Kevin Spacey
922;Winslet
923;Kate
925;Grüne Tomaten
926;Feminismus
927;Fest der Völker
928;Triumph des Willens
929;Kraft durch Freude
930;Neofeminismus
932;Layout
933;Ayaan Hirsi Ali
934;China
935;Fundamentalismus
936;Aufklärung
937;Resident
938;Vinyl
940;Rina Ketty
941;J'attendrai
942;Das Boot
943;Mission to Mars
944;Lothar-Günther Buchheim
945;DodgeBall
947;Ben Stiller
948;Vince Vaughn
949;Polarkreis 18
950;Adical
951;Riesenmaschine
952;Spreeblick
953;Bionade
954;Abmahnung
955;Stromberg
956;Musik
957;Jazz
958;Büro
959;Jean Baudrillard
960;Paola Felix
961;Roger Cicero
962;Heinz Rudolf Kunze
963;Grand Prix de Chanson de la Eurovision
964;Eurovision Song Contest
965;Religion
966;Warhammer 40k
967;Atheismus
968;VTO
969;Quaero
970;OmniOutliner
971;Projektmanagement
972;Radio
973;Generation
974;Jan Faktor
975;Normalität
977;Klimawandel
978;The Day after Tomorrow
980;Godzilla
981;Roland Emmerich
982;Equilibrium
983;Christian Bale
984;Patrick Bateman
985;Neo
987;Siddhartha
988;Keanu Reeves
990;Little Buddha
991;Wayne Calloway
992;Pepsi
993;Wettbewerb
994;Internet
996;Spezialeffekte
997;Training
998;Manoj Night Shyamalan
999;Das Mädchen aus dem Wasser
1000;Märchen
1001;Gute-Nacht-Geschichte
1003;Werkzeug
1005;Synchronsprecher
1006;Synchronisation
1008;300
1009;God of War
1010;Persien
1011;Germanen
1012;Blood and Bones
1013;Hana Bi
1015;Dolls
1016;Zatoichi
1017;Der blinde Samurai
1018;Violent Cop
1019;Kikujirus Summer
1020;Takeshis Castle
1021;Forest Whitaker
1022;Der letzte König von Schottland
1023;Dikatoren-Quartett
1024;Idi Amin
1025;Nicholas Garrigan
1026;Neunte Sinfonie
1027;Ode an die Freude
1029;Ludwig van Beethoven
1030;Europa
1031;Nationalstaat
1032;Vulkanexplosivitätsindex
1033;Pyroklastischer Strom
1034;Krakatoa
1035;Krakatau
1036;Die letzten Tage von Krakatau
1037;Vulkan
1038;Schalldruckpegel
1040;Marlboro Mann
1041;Zeus
1042;Kratos
1043;Prince of Persia
1044;CMS
1045;VHS
1046;Wladimir
1047;Estragon
1048;Oliver Bierhoff
1049;Papier
1050;Bier
1051;Monty Arnold
1052;Straight Edge
1053;Vintage
1054;Dekor
1055;Pose
1056;When your heart stops beating
1057;+44
1058;James Bond - Casino Royale
1059;M
1060;Kalter Krieg
1061;DVD
1062;UMD
1063;Blue Ray
1064;EMI
1065;BRD
1066;DMAX
1067;Jürgen Vogel
1068;Sacha Baron Cohen
1069;Bruno
1070;Kreisler
1071;CSS Naked Day
1072;Chattering Classes
1073;Rote Armee Fraktion
1074;Royal Air Force
1075;RAF
1076;Deutscher Herbst
1077;Eco-terrorism
1079;Paul Watson
1080;Ulrike Meinhoff
1081;Felix Ensslin
1082;Ulrich Greiner
1083;Kategorien
1084;Index
1085;Register
1086;Tag
1087;Ordnung
1089;XTM
1090;RDF
1091;RDFS
1092;OWL
1093;Objektorientierung
1094;Ordner
1095;Label
1096;Inhaltsverzeichnis
1097;Semantisches Netz
1098;Wortnetz
1099;Glossar
1100;Archiv
1101;Jeffrey Zeldman
1102;Dirk Hesse
1103;Minimalismus
1104;Metadaten
1105;Trackback
1106;Spitzmarke
1107;Related
1108;Marginalienspalte
1109;Sidebar
1110;Navigation
1111;Seitenspalte
1112;Blogroll
1113;Ressort
1115;Topos
1116;Motiv
1117;Die Geißel der Götter
1118;S.P.Q.R.
1119;Morituri Te Salutant
1120;Kaizen
1121;Management
1122;Wirtschaft
1123;I
1124;I, Robot
1125;Isaac Asimov
1127;Will Smith
1128;The Tellers
1129;EP
1130;Canon
1131;Selphy
1132;Journalistische Darstellungsform
1133;Feuilleton
1135;WHATWG
1136;HTML 5
1137;XLink
1139;Gesunder Menschenverstand
1140;Earl J. Hickey
1141;Earl
1142;Carson Daly
1143;Karma
1144;My Name is Earl
1145;Godwins Law
1146;Reductio ad Hitlerum
1147;Kurt Vonnegut
1148;Globalisierung
1149;Raubkopie
1150;A33
1152;J.D. Dorian
1153;Windows Vista
1154;MacBook Pro
1156;No Cure for Cancer
1157;MTV
1158;Cheese Helmet
1159;Drogen
1160;Kokain
1161;Google Alerts
1162;Armer schwarzer Kater
1163;Kinderspiel
1164;Doubleclick
1165;Banner
1166;AdServer
1167;San Francisco
1168;Atlantik
1169;Monopol
1170;Weltherrschaft
1171;Tschibo
1172;Ulrich Beck
1173;Ökonomie
1174;Bürgergeld
1175;Grundeinkommen
1176;Ökonomie der Aufmerksamkeit
1178;Kümmern
1179;Kultur des Kümmerns
1180;Magister Artium
1182;Interdisziplinarität
1183;Adolf Hitler
1184;Aida Diva
1185;Hölle
1186;Vorhölle
1187;Kirche
1188;Lichtdom
1189;Reichsparteitag
1190;Aida
1191;Diva
1192;Kreuzfahrt
1193;Hedgefonds
1194;Firmenjäger
1195;Volta
1196;Sunshine
1197;Danny Boyle
1198;Trainspotting
1199;Underworld
1200;Sonne
1201;Raumschiff
1202;Weltraum
1203;Cillian Murphy
1204;Was gutes Blogdesign ist
1205;Earth Intruders
1206;Fredrik Vahle
1207;Der Cowboy Jim aus Texas
1208;Kinderlied
1209;Kindheit
1210;Pazifismus
1211;Erinnerung
1212;Die Rübe
1213;Sozialismus
1214;Arminia Bielefeld
1215;Borussia Mönchengladbach
1216;Bundesliga
1217;Cassadaga
1218;Compact Disc
1219;Digipack
1220;Musikindustrie
1221;Zwei Missionare
1222;Bud Spencer
1223;Terence Hill
1224;Igoogle
1225;Dokument
1226;Anwendung
1227;Umlaute
1228;Plugin
1229;Braveheart
1230;Hensseler Henssler
1231;Restaurant
1232;Steffen Henssler
1233;Coachella-Festival
1234;Coachella
1235;Lost
1236;ARG
1237;Alternate Reality Game
1240;Rollenspiel
1242;UGC
1243;User Generated Content
1244;Viagra
1245;Spam
1246;Aktien
1247;Squash
1248;Jim Wales
1249;Wikia
1250;Suchmaschine
1252;Marco Tschirpke
1253;Comedy Cental
1254;Little Britian
1255;TextMate
1256;BBEdit
1257;Photoshop
1258;I will quit
1259;Kwisatz Haderach
1260;Marijke Armado
1261;Tooske Ragas
1262;Olivia Oyl
1263;Martin Stosch
1264;Marc Medlock
1265;Francisca Urio
1266;Lauren Talbot
1267;Marco Schreyl
1268;Max Buskohl
1269;Dieter Bohlen
1270;Horst Köhler
1271;Hypertext
1273;Spiegel Online
1274;Hochmut
1275;documenta
1277;documenta IIIII IIIII II
1278;Kosovo
1279;Balkan
1281;Carlo Giuliani
1282;Widerstandsrecht
1283;Artikel 20 GG
1284;G8
1285;Rote Flora
1286;Antony Hegarty
1287;The dull Flame of Desire
1288;Uno
1289;Sicherheitsrat
1290;Serbien
1291;Gehirn
1292;Gen
1293;Pornographie
1294;Fressengucken
1295;Zend
1296;Nerd
1297;Sick Boy
1298;Pussy Galore
1299;Goldfinger
1300;Uncrate
1301;Tchibo
1302;Playboy
1303;Mid-Carrer-Crisis
1304;Hooligans
1305;Frodo Beutlin
1306;Fußball
1307;Hooligan
1309;Telepolis
1310;P.M.
1311;Sir Peter Ustinov
1312;Terrorismus
1313;Armut
1314;Reichtum
1315;Schwalbe
1316;Bild-Zeitung
1317;Kai Diekmann
1318;Sag alles ab!
1319;Kapitulation
1320;Punk
1321;Akismet
1322;Model View Controler
1323;MVC
1324;Mickey Knox
1325;Mallory Knox
1326;Oliver Stone
1327;Woody Harrelson
1328;Juliette Lewis
1329;DIY
1330;Do It Yourself
1331;Hornbach
1332;Handwerk
1333;Wolverine
1334;X-Men 3
1335;Superheld
1336;Mutant
1337;Dr. Fraiser Crane
1338;Dr. Henry 'Hank' McCoy
1339;Beast
1340;Kelsey Grammer
1342;X-Men
1343;Comic
1344;Hauptstadt
1345;Stapelparker
1346;Róisín Murphy
1347;Moloko
1348;Forever More
1350;Großbritannien
1351;Perfektion
1352;Laszivität
1354;The Village
1355;Daniel Brühl
1356;Julia Jentsch
1357;Die fetten Jahre sind vorbei
1358;Microsoft Surface
1359;Surface
1360;Touchscreen
1361;Graniph
1362;Shop
1363;Mode
1364;T-Shirts
1365;Oliver Kalkofe
1366;Comedycentral
1367;Sketch Up
1368;Joost
1369;Polizei
1370;Sechstagekrieg
1371;Arabien
1372;Boxer
1373;E-Card
1374;Harald Martenstein
1375;Asus
1377;Schreiben
1378;Heiligendamm
1379;Schwarzer Block
1380;Rostock
1381;Kapital
1382;Fake Empire
1383;Imperium
1384;Google Streetview
1385;Second Life
1386;Microsoft Photosynth
1387;Streetview
1388;Photosynth
1389;Netz
1390;Globale Erwärmung
1392;Globale Verdunkelung
1393;Global Warming
1394;Global Dimming
1395;Umwelt
1396;Klima
1397;Crimson Tide
1398;Denzel Washington
1399;Uboot
1401;Stern
1402;And you will know us by the trail of dead
1403;Alanis Morisette
1404;Right Through You
1405;Zillionär
1406;Telekom
1407;Microformat
1409;Stephan Holthoff-Pförtner
1410;Taxi Driver
1411;Heatmap
1412;Clicktracker
1413;Little Muss Sunshine
1414;Apocalypto
1415;Südamerika
1416;Die Stadt der Träumenden Bücher
1417;Walter Moers
1418;Bücher
1419;Ohloh
1420;Open Source
1421;Media Wiki
1422;Joomla!
1423;Elgg
1424;Code
1426;Delicious
1427;Facebook
1428;F8
1429;OS
1430;DOS
1431;OpenID
1432;Creative Commons
1433;Betriebssystem
1434;Ingmar Bergman
1435;Mister Wong
1436;Blogsphäre
1437;Stefan Aust
1439;Tagesthemen
1442;Tonband
1443;Dries Buytaert
1444;The Stoning
1446;Fiktion
1447;Mögliche Welt
1448;New Journalism
1449;Sicherheit
1450;Dezentrale Netzwerke
1451;Soziale Netzwerke
1452;MMO
1453;Grundlinienraster
1454;Raster
1455;Syncotype
1456;Online Zeitung
1457;News
1458;UML
1459;Bison
1460;Micropayment
1461;Pathfinder
1462;Wikinger
1463;Grænlendingar
1464;Besiedelung
1465;Seefahrt
1466;Nordamerika
1467;Hosting
1468;Anonymität
1469;Inhalt
1470;Geld
1471;Petrus
1473;Rauchen
1475;Terrarium
1476;Children of Men
1477;Marxismus
1478;Kombat Sechzehn
1479;Jugend
1480;Frankfurt an der Oder
1481;Neonazi
1482;Heinrich
1483;Heinrich V
1484;William Shakespeare
1487;World of Warcraft
1488;Wrath of the Lich King
1489;Blizzard
1490;Kenneth Branagh
1491;Bildungsbürger
1492;Deutungselite
1493;Soziales Kapital
1494;Tags
1496;Streik
1497;Tupel
1498;Tripel
1499;Lexus
1500;Toyota
1501;Auto
1502;Henry V
1503;Ulrich Matthes
1504;Game Girl Advance
1505;Sex
1506;Jai Alai
1507;Pelota
1508;Miami Vice
1509;Val d'Europe
1510;Walt Disney
1511;Frankreich
1512;New Urbanism
1513;Neal Stephenson
1514;Snowcrash
1515;Lexikon
1517;Digitale Bohème
1518;Evangelisch Stiftisches Gymnasium
1519;Soli Deo Gloria
1520;In Hoc Signo Vinces
1521;Neue Bildungsbürger
1522;Penne
1523;Ich werd mich nie verändern
1524;Latein
1525;Anglizismen
1526;Atonale Musik
1527;Misstrauen
1529;CCTV-5
1530;Digitalismus
1531;Sebastian Foss
1532;E-Trinity
1533;Alkohol
1534;José Manuel Barroso
1535;Systembolaget
1536;EU
1537;Post Secret
1539;Felix Schwenzel
1540;Medienkonvergenz
1542;Dennis Quaid
1543;James Stewart
1544;Harrison Ford
1545;Giovanni Ribisi
1546;Ralph
1547;Informationsarchitektur
1548;Netzökonomie
1549;Das Magazin
1550;Knust
1551;Gesellschaft
1552;YouTube
1553;Bombe
1555;Roger Schawinski
1556;Gmail
1557;Webspace
1558;Jamal
1559;CakePHP
1560;Jquery
1561;Informationsvisualisierung
1562;Frontline
1563;Mies van der Rohe
1564;Barcelona
1565;Pavillon
1566;Rastertypographie
1567;GEM
1568;Virales Marketing
1569;Star Wars
1570;With a little Help from a Friend
1571;Woodstock
1572;Joe Cocker
1573;Sucht
1574;Gesundheit
1575;Walter Kurtz
1576;Apocalypse Now
1577;Fischen
1578;Pakistan
1579;Vietnam
1580;Pelikan
1581;Vogel
1582;Otter
1583;Sebastian Krumbiegel
1584;Max und Moritz Reloaded
1585;Agnes und seine Brüder
1586;Moritz Bleibtreu
1587;Martin Weiß
1588;Herbert Knaup
1589;Katja Riemann
1590;Zweiter Weltkrieg
1592;Spitzbergen
1593;Wilhelm Dege
1594;Wettertrupp Haudegen
1595;Ole von Beust
1596;Autofreier Sonntag
1597;Nicolas Sarkozy
1598;1000 Meisterwerke
1599;Brandstiftung
1600;GEZ
1601;Neusprech
1602;Heima
1603;Monika Harms
1604;Generalbundesanwalt
1605;DJ Ötzi
1606;Gerry Friedle
1607;Owen Wilson
1608;Roy Black
1609;Gerhard Höllerich
1610;Zoolander
1611;Hansel
1612;Aliens
1613;Alien 3
1614;Predator 1
1615;Predator 2
1616;Alien vs. Predator
1617;Ridley Scott
1619;David Fincher
1620;Jean-Pierre Jeunet
1621;Lucky Number Slevin
1623;Morgan Freeman
1624;Ben Kingsley
1625;Prediction Market
1626;Prognosemarkt
1627;Trendio
1628;The Stratorsphere Girl
1629;Öffentlicher Raum
1630;Wahrheit
1631;Lüge
1632;Matt Mullenweg
1633;Cem Basman
1634;Duncan Riley
1635;Everything is Miscellaneous
1636;David Weinberger
1637;Texttechnologie
1638;Schule
1639;Schülervertretung
1640;Gemeinschaft
1641;Marke
1642;Rebrand
1643;Zeitlupe
1644;Kugel
1645;Meinung
1647;Gewalt
1648;Atrac
1649;Connect
1650;MP3
1651;WMA
1652;Minidisc
1653;Inneres Exil
1655;Gewaltmonopol
1656;Recht
1658;Macht
1659;Steffan Münz
1660;Jakob Nielsen
1661;Sommergut
1662;Tiefen-Bloggen
1663;Nachrichten
1664;Tomte
1665;Endlich einmal
1666;Macintosh
1667;Bodo Wartke
1668;PCdenzfall
1669;Blues
1670;Nachrichtenagentur
1671;dpa
1672;Reuters
1673;AFP
1674;AP
1675;Canadian Press
1676;Press Association
1677;Meldung
1678;Bewertung
1679;Diskurs
1680;Magazin
1681;Gatekeeper
1682;Teaser
1683;Centerpage
1684;Wolf Wondratschek
1685;Lyrik
1686;Gedicht
1687;Dichter
1688;Sesamstraße
1689;Ganz und Gar
1690;Samson
1691;Du Bist den ganzen Weg nur gerannt
1692;Math Rock
1693;Heller als die Sonne
1694;More Billiant than the Sun
1695;Kodwo Eshun
1696;Wissenschaft
1697;House
1698;Techno
1699;Dietmar Dath
1700;Debut
1701;Post
1702;Army of Me
1703;Once upon a Time in America
1704;Es war einmal in America
1705;Blade Runner
1706;Christoph de Babalon
1707;Come to Amerika
1708;Social Web
1709;Tenor
1710;Luciano Pavarotti
1711;Oper
1712;Konflikt
1713;Guerilla
1714;Bürgerkrieg
1715;Polizeistaat
1716;Johan Galtung
1717;3Sat
1718;Office Space
1719;Alles Routine
1720;Aggregator
1721;Mosaik
1722;Benutzerführung
1723;Bild
1724;Graphik
1725;Dienst
1727;Eva Herman
1728;Reaktionär
1729;Nationalsozialismus
1730;NDR
1731;Buddhabot
1732;Publizieren
1734;Unmut
1735;Wehmut
1736;Schwermut
1737;Übermut
1738;Großmut
1739;Kleinmut
1740;Starkmut
1741;Schwachmut
1742;Sanftmut
1743;Langmut
1744;Wankelmut
1745;Freimut
1746;Missmut
1747;Bethel
1748;DB
1749;XSLT
1750;Differenzialoperator
1751;Funktion
1752;Witz
1753;Günter Freiherr von Gravenreuth
1755;Resident Evil - Apocalypse
1756;Milla Jovovich
1757;Action
1758;Dialog
1759;Atombombe
1760;Hermann Knoflacher
1761;Wunder
1762;Joachim Meisner
1763;Erzbischof
1764;Kardinal
1765;Entartete Kunst
1767;Arminia
1768;Harun Farocki
1769;Deep Play
1770;Socialstream
1771;Videothek
1772;Underground
1773;taz
1774;Katrin Passig
1775;Herbsttag
1776;Serien
1777;Fernsehserien
1778;Drehbuch
1779;Hermeneutik
1780;Quantitative Forschung
1781;Qualitative Forschung
1782;Perspektive
1783;Nacht
1784;Nachtflug
1785;Nachtaufnahme
1786;Flug
1787;Fliegen
1788;Flugzeug
1789;Sternenhimmel
1790;Milchstraße
1791;Sternschnuppe
1792;Städte
1793;Leitungswasser
1794;Chlor
1795;Salz
1796;Steve Yelvington
1797;Warren Buffet
1798;Ontologie
1799;John Kerry
1800;Rechtsstaat
1801;Liberalismus
1802;Deutschland
1803;Ferdinand Freiligrath
1804;G. G. Gervinus
1805;Atomkraftwerk
1806;Kernkraft
1807;Loïc Le Meur
1808;Six Apart
1809;Movable Type
1810;Standard
1811;Soko
1812;I'll kill her
1813;Frankophil
1814;SPARQL
1815;Triplestore
1816;OpenRDF
1817;Sesame
1818;World Wide Web Consortium
1819;Standards
1820;Mont Blanc
1821;Ameisen
1822;Flechten
1823;Morten.dk
1825;Dänemark
1826;28 Days later
1827;Zombies
1828;Der Tod steht ihr gut
1829;Panic Room
1830;Alexander
1831;Now Public
1832;Spyware
1833;Updates
1836;Golem
1837;Ulysses
1838;Beringsee
1839;Nordostpassage
1840;Systemkrieg
1841;Eisberge
1842;Segeln
1843;Yacht
1844;Normative Kraft des Faktischen
1846;DRM
1847;Digital Rights Management
1848;Kopierschutz
1849;Der Untergang des Abendlandes
1850;Oswald Spengler
1851;Andrew Keen
1852;Sokrates
1853;Karl Marx
1854;Max Weber
1855;Chrismon
1856;Wladimir Kaminer
1857;Emir Kusturicas
1858;Yugoslavien
1859;Belgrad
1860;Manche mögens heiß
1861;Billy Wilder
1862;Komödie
1863;Christian Ulmen
1864;Der Fischer und seine Frau
1865;Doris Dörrie
1866;Koi
1867;Frettchen
1868;Rudolpho
1869;Und dann kam Polly
1870;Adams Äpfel
1871;Mads Mikkelsen
1872;Erwartungen
1873;B-Movies
1874;König Arthur
1875;Ray Stevenson
1876;Mein Haus
1877;Typographie
1878;Wall-E
1879;Pixar
1880;Roboter
1881;Die Frau vom Checkpoint Charlie
1882;Veronica Verres
1883;DDR
1884;Checkpoint Charlie
1885;Deutsche Demokratische Republik
1886;Europaplatz
1887;Kunsthalle
1888;Oetkerhalle
1889;Universität
1891;Portal
1893;Fraktur
1894;Frankfurter Allgemeine Zeitung
1896;Handelsblatt
1897;Ein perfekter Mord
1899;Michael Douglas
1900;Gwyneth Paltrow
1901;Viggo Mortensen
1902;Rambo III
1903;South Park
1904;John Rambo
1905;Osama Bin Laden
1906;The Core
1907;Der innere Kern
1908;Uhren
1909;Hentschel Hamburg Uhrenmanufaktur
1910;Manufaktur
1911;Uhrmacher
1912;Andreas Hentschel
1913;Egoload
1914;Test
1915;Persönlichkeitstest
1916;Denker
1917;Innovation
1918;Nike
1919;Schuhe
1920;Sneakers
1921;anmut und demut
1922;About Schmidt
1923;Jack Nicholoson
1924;Pension
1925;Alter
1926;Rente
1927;Banditen
1928;Cate Blanchett
1929;Billy Bob Thornton
1932;Textualität
1933;Angelika Storrer
1934;George P. Landow
1935;Michael Joyce
1936;Rainer Kuhlen
1937;Xanadu
1938;Hypercard
1939;Storyspace
1940;Afternoon
1941;Memex
1942;Vannevar Bush
1944;Rhododendron
1945;Linus
1946;Linus Volkmann
1947;Linus Torvalds
1948;Emmas Glück
1949;Jördis Triebel
1950;Heimatfilm
1951;Bauernhof
1952;Wordpress Media Wiki
1953;Modul
1954;Taiwan
1955;General Chen Yuen-Kuang
1956;Wolke
1958;Digitalkombinat
1959;Cache
1960;Firebug
1961;FirePHP
1962;Kampnagel
1963;Ical
1964;Google Notifier
1965;Anwälte
1966;Dozier Attorneys
1967;Dummheit
1968;August Wilhelm Schlegel
1970;Pizzabäcker
1971;Gino Badagliacca
1972;RTL
1973;Metallica
1974;St. Anger
1975;twine
1976;Suchmaschinenenoptimierung
1977;Netzeitung
1978;Page Rank
1979;Ligne Claire
1980;Kochbuch
1981;Kerl
1983;Helden
1984;18 Summers
1985;Mark Allasread
1986;Galoppggle
1987;Goople
1988;Fusion
1989;Megacon
1990;Lagavulin
1991;Seitwert
1994;Flagge
1995;Staat
1996;Nation
1997;Evelyn Hamann
1999;Amy Winehouse
2000;EMA
2001;European Music Awards
2002;Roy
2003;Kate Nash
2004;Made of Bricks
2005;Motorola
2006;Android
2008;Linux
2010;Paris Hilton
2011;Zuender
2012;Boulevard
2013;Volver
2014;Leonardo DiCaprio
2015;Blood Diamond
2017;Total Eclipse
2018;Athur Rimbaud
2019;Romeo und Julia
2020;Afrika
2021;AOL
2022;Wal
2023;Assel
2024;Wingsuite Mountian Swoop
2025;Extremsport
2026;Vorratsdatenspeicherung
2027;100e2r
2029;Peer to Peer
2030;P2P
2031;Fouquets Barriere
2032;Hotel
2033;Paris
2034;Edouard Francois
2035;Fassade
2036;Icons
2037;Graphiken
2038;Everaldo
2039;Hitch
2041;Date-Doktor
2042;approx.antville.org
2043;IE-Sperre
2044;Ein Freund von mir
2045;Wipeout 2097
2046;IT-Crowd
2047;Tapeten
2048;AD
2049;Architectural Digest
2050;Gesetz
2051;Murphys Gesetz
2052;Manfred Kanther
2053;APPD
2054;Yogi-Flieger
2055;Kreationismus
2056;Walton Ford
2058;Tiger
2059;Vietnamkrieg
2061;SPD
2062;CDU
2063;FDP
2064;Die Grünen
2065;Die Linke
2066;Bundestagswahl
2067;Bigotterie
2068;Mathieu Gabella
2069;Anthony Jean
2070;Das Einhorn
2071;Der letzte Tempel des Asklepios
2072;Renaissance
2073;Fantasy
2074;Anatomie
2075;Tim Mälzer
2076;Christa Mälzer
2077;Oberhafenkantine
2078;Sturmflut
2079;Elbe
2080;Niklas Luhmann
2081;Howie Munson
2082;Ein Colt für alle Fälle
2083;Zettelkasten
2085;Lichtenbergs Fall
2086;Georg M. Oswald
2087;Konjunktiv
2088;Indirekte Rede
2090;Hagen Rether
2091;Anglo-Irischer Krieg
2092;Irischer Bürgerkrieg
2093;The Wind That Shakes the Barley
2094;Ken Loach
2095;Assoziations-Blaster
2096;Pegasus-Wettbewerb
2097;Die Aaleskorte der Ölig
2099;Charles Rennie Mackintosh
2100;Die Höhle des gelben Hundes
2102;Galsan Tschinag
2103;Mongolei
2104;Gadget
2105;USB
2106;Ix
2107;Frauen
2108;Eytracking
2110;Mensch-Maschine-Kommunikation
2111;OS X 10.5
2112;Leopard
2113;Haustier
2122;Logo
2123;Stahltasse
2125;Eastgate
2126;Tinderbox
2127;Doof
2128;Browsergames
2129;Casual Games
2131;Wikimedia
2132;Peoplepedia
2133;Lua
2134;The endless Forrest
2135;Prinzessin Mononoke
2136;Ipod
2137;Nintendo DS
2138;Nintendo
2139;Tale of Tales
2140;Is' was Doc?
2141;Barbara Streisand
2142;Ryan O'Neal
2143;Screwball-Komödie
2144;The Limitless Potential
2146;Interfaces
2147;Subversion
2148;SVN
2149;Schwarze Katze Weißer Kater
2150;Zigeuner
2151;Horatio
2152;Push11
2154;GGG
2155;Giant Global Graph
2156;Topic Maps
2157;Topic
2158;Occurrence
2159;Resource
2160;Verlag
2161;Bibliothek
2162;Knowledge Management System
2164;Langzeitbelichtung
2165;Licht
2166;Flugzeuge
2167;Wiki
2168;Drupal Ninja
2171;Was ist Was
2172;Open Social
2173;Alien vs. Predator 2
2174;Alex King
2175;Wolke-CMS
2177;Quicktags
2182;Content Management System
2183;Lichtblick
2184;Ökostrom
2185;Seraphim Falls
2186;Pierce Brosnan
2187;Leam Neeson
2188;Western
2189;Icon Productions
2190;Weihnachtsmarkt
2191;Weltstadt
2192;Nalitsch
2193;Peter
2194;Gitar
2195;Russland
2196;Fuchs
2197;Google Ig
2198;Panzer
2199;AT-AT
2201;Kontraste
2202;Frontal 21
2203;Panorama
2204;Hart aber Fair
2205;Richter
2207;Ozzy Ozbourne
2208;Die Ärzte
2210;Blogs
2211;Migartion
2212;Angela Merkel
2213;EU-Vertrag
2214;Verfassung
2215;Franken
2216;Das Ende
2217;Assault on Precinct 13
2218;Ethan Hawke
2219;Laurence Fishburne
2220;Gabriel Byrne
2221;Thank you for Smoking
2222;Zigaretten
2223;Tabak
2224;Big Tobacco
2225;Oscar Niemeyer
2226;Brasilia
2227;Museu de Arte Contemporânea
2228;Niterói
2229;Das Netz
2230;Lutz Dammbeck
2231;Theodore Kaczynski
2232;Unabomber
2233;Brasil
2234;Königreich der Himmel
2236;Kreuzzug
2237;Agile Produktentwicklung im Web 2.0
2238;Julia Soergel
2239;Sebastian Munz
2241;Vinton G. Cerf
2242;Software
2243;Oscar Wilde
2244;Gleichgültigkeit
2245;Mittelmäßigkeit
2246;Christopher Alexander
2247;Pattern Language
2248;Oregon Experiment
2249;Herman Sörgel
2250;Extreme Programming
2251;Der Pragmatische Programmierer
2252;Technokratie
2253;Totalitarismus
2254;Theorie
2255;Programmieren
2256;Codex
2257;Göbekli Tepe
2258;Archäologie
2259;Steinzeit
2260;Terry Gilliam
2261;Monty Python
2262;Bürokratie
2263;Digerati
2264;Alex Boy
2265;John Brockman
2266;Cybertext
2267;Espen Aarseth
2268;Theodor Nelson
2269;Larry Lessig
2271;Teaserimage
2272;Mies
2273;Theme
2274;Heimat
2275;Westfalen
2277;Pumpernickel
2278;Mett
2279;Wissen.de
2280;Bertelsmann
2282;Google Knol
2283;Knol
2284;Squidoo
2285;Orlando Bloom
2286;Might and Magic
2287;Online
2288;Spiele
2289;Die Hochzeits-Crasher
2290;D-frag
2291;Winterschlaf
2292;Schildkröten
2294;The Destruction of small Ideas
2295;Der Kampf gegen die Dummheit hat gerade erst begonnen
2296;Albert Camus
2297;Samuel Beckett
2298;Existentialismus
2299;Absurde
2300;Sisyphos
2301;Dr. Bernard Rieux
2302;Die Pest
2303;Warten auf Godot
2304;Der Mythos des Sisyphos
2305;Gossip Girl
2306;Eiskalte Engel
2307;Sex and the City
2308;Lesen
2309;Ameisen - Die heimliche Weltmacht
2310;Dokumentation
2311;Elizabeth - Das goldene Königreich
2315;Weihnachten
2317;Acquia
2319;Games are Art 2.0
2320;Omasu
2321;Earthdawn
2322;Barsaive
2323;Urupa
2324;Überland Handelsgesellschaft
2325;Association
2326;Role
2327;Rollen
2328;Assoziation
2329;Thema
2330;Assoziationen
2331;Relation
2332;Hyponym
2333;Meronym
2334;Holonym
2335;Hyperonym
2336;Akronym
2337;Nym
2338;Synonym
2339;Homonym
2340;Antonym
2341;Superclass
2342;Subclass
2343;Class
2344;Instance
2345;Oberbegriff
2346;Unterbegriff
2347;Gegenteil
2348;Taxonomie
2349;Der weiße Neger Wumbaba
2350;Axel Hacke
2351;Michael Sowa
2352;Verhören
2353;Relationstypen
2354;Muslime
2355;Financial Times Deutschland
2357;Peter Ehrlich
2359;Medienwissenschaft
2361;The Issue
2363;Blogzeitung
2364;Global Orgasm Day
2365;Orgasmus
2367;My Mini City
2370;Artikel
2371;The Holiday
2372;Liebe braucht keine Ferien
2373;Kate Winslet
2374;Cameron Diaz
2375;Bank
2376;Norberto Bobbio
2377;2007
2378;October Road
2379;Beautiful Girls
2381;Uma Thurman
2382;Samantha Who
2383;Christina Applegate
2384;Der Manchurian Kandidat
2385;Der längste Tag
2386;Kriegsfilm
2387;Der Untergang
2388;Familienfest und andere Schwierigkeiten
2389;Home for the Holidays
2390;Jodie Foster
2391;Der weiße Hai
2393;Die Tiefseetaucher
2394;Wes Anderson
2395;Steve Zizou
2396;Bill Murray
2397;Jacques Coustau
2398;Meine Frau, Ihre Schwiegereltern und ich
2399;Meet the Fockers
2400;Duell Enemy at the Gates
2401;Stalingrad
2402;Aliens in America
2403;Carpoolers
2404;Ernst Haeckel
2405;Kunstformen der Natur
2406;Zeichnung
2407;Biologie
2408;Sascha Kösch
2409;Bleed
2410;Rivva
2412;Facts 2.0
2415;Löwe
2416;Lamm
2417;Stadt
2418;Neo Yerushalom
2419;Yerusha
2420;Shalom
2421;Jerusalem
2422;Twitter
2423;Mo
2425;Britannica und ich
2426;Die Welt ohne uns
2427;My Name is
2428;Lego
2429;Brikwars
2430;Tabletop
2431;Boxes and Arrwos
2432;Hasta la victoria siempre
2433;Mini
2434;Mini-Cooper
2435;Bitflux
2436;Liip
2437;New York Times
2439;Benazir Bhutto
2440;Jubii
2441;Lycos
2442;Webmail
2443;Shaun Inman
2446;Matt Brett
2448;Forrykt Industries
2453;Denklichter
2454;Denkgifte
2456;Sylvia Loh
2457;Mezzoblue
2459;Verlee's Blog
2461;13 strides
2463;User Experience
2464;Gábor Hojtsy
2467;Drupal Association
2469;Skriptonen
2470;Traversale Funktion
2471;Markuslöwe
2472;Evangelist Markus
2473;Venedig
2474;Alexandria
2475;Planet Erde
2476;BBC
2477;Neues Jerusalem
2478;Schwert
2479;Schild
2480;The Shramps
2481;Daniela Burger
2482;Pozzo
2483;Lucky
2484;TMQL
2485;TMCL
2487;Spielkind
2489;Fabian Hemmert
2491;Teilnehmer
2494;Partizipation
2496;Stadt der Heiligen und Verrückten
2497;Jeff VanderMeer
2498;Steampunk
2499;Stadtplanung
2500;Information Architecture
2502;Information Architecture Institute
2503;Dekonstruktion
2504;Moby Dick
2505;Herman Melville
2506;Hörbuch
2507;Schiff
2508;Walfang
2509;Robots
2510;Animation
2511;Black Hawk Down
2513;Josh Hartnett
2514;Irak
2515;Schlacht von Mogadischu
2516;Mogadischu
2517;I am Legend
2518;Sextant
2519;Die Hard 4.0
2520;Die Hard
2522;Charlie und die Schokoladenfabrik
2523;Tim Burton
2524;Zehn kleine Negerlein
2525;Fluch der Karibik
2526;Pirates of the Caribbean
2527;The Curse of the black Pearl
2528;Geoffrey Rush
2529;Kemi Olusanya
2530;DJ Kemistry
2531;Kemistry & Storm
2532;DJ Storm
2533;Vodafone
2534;Handy 2.0
2535;CVJM
2536;He's got the whole World in his hands
2537;YAML
2538;Dirk Jesse
2539;Alexander Haß
2541;Neoliberalismus
2542;Links
2543;Florian Rötzer
2546;Gestapo
2547;Denunziation
2548;Faschismus
2549;Antisemitismus
2552;Aliens - Die Rückkehr
2553;Silvester
2554;2008
2555;Hyperfiction
2556;Peter Berlich
2557;Hugo St.Viktor
2558;T610
2559;Sony Ericsson
2560;T Six Ten
2561;Schönheit
2562;Chris am Morgen
2563;Öl
2564;Erdöl
2565;Barell
2566;Preis
2567;Photocase
2568;Kurt Tucholsky
2569;Antiislamismus
2570;Cloverfield
2571;Blair Witch Project
2573;Independence Day
2574;Jeff Goldblum
2575;Bill Pulman
2576;Area 51
2577;Brent Spiner
2578;Louis de Funes
2579;Matthew Broderick
2580;Jean Reno
2581;Reinkarnation
2582;Männerbewegung
2583;Frauenbewegung
2584;Gender
2585;Delikatessen
2586;Urlaub
2587;Ferien
2588;XSL
2589;Psychologie
2590;Psychoanalyse
2591;Before Sunrise
2592;Wien
2593;Traktat
2594;EDV
2595;Konzern
2596;IT
2597;Frühling
2598;Karnevall
2599;Vertreibung
2600;Garten Eden
2602;Hund
2603;Wünsche
2604;Wille
2605;Glück
2606;Frausein
2607;Fußgängerzone
2608;Einkaufen
2609;Genetik
2610;Sozialisation
2611;Schwimmen
2612;Planschen
2613;Hallenbad
2614;Schwimmbad
2615;Bären
2616;Wasch mir den Pelz aber mach mich nicht nass
2617;Redewendung
2618;Redensart
2620;Lulu
2621;ISBN
2622;Buchdruck
2623;Mootools
2625;Drupaldojo
2626;Pablo Picasso
2627;Intelligenz
2628;Asozial
2629;Antikapitalismus
2631;Keimzeit
2632;Irrenhaus
2633;Kapitalismus
2634;Content
2635;Iran
2636;Persepolis
2637;Marjane Satrapi
2638;George Orwell
2639;1984
2640;Eric Arthur Blair
2641;Gedankenverbrechen
2642;Unkapitalismus
2643;Der Unkapitalismus des Netzes
2644;GNU
2645;Conways Gesetz
2646;Organisation
2647;Melvin Conway
2648;Deep Web
2649;Kopie
2650;Dezer
2651;Mahlzahn
2652;Johann Sebastian Bach
2653;Jesus meine Freude
2655;Coudal
2656;Agentur
2657;Barack Obama
2658;Wahlkampf
2659;lowercasetee.com
2660;Hillary Clinton
2661;The Name Game
2662;Die Sims
2664;Ajatollah Ruhollah Musawi Chomeini
2665;Schah
2666;Wikimedia Foundation
2667;BMG
2668;Pokemon
2669;Musicpass
2670;Bill Gates
2671;Slash
2673;Rassismus
2674;MySQL
2675;Apache
2676;Perl
2677;Python
2678;Netzneutralität
2679;Businessplan
2680;Jens Kunath
2682;Faraday Media
2683;APML
2684;Engagd
2685;Data Portability Workgroup
2686;Attention Profiling Markup Language
2687;apml.org
2689;Safari
2691;LastGraph
2692;Angst
2693;Grausamkeit
2694;Paranoia
2695;Bedrückung
2696;Edmund Hillary
2697;Realtion Browser
2698;Tor
2699;Friedhof
2700;Porta Nigra
2701;Stadtor
2702;Trier
2703;Neandertaler
2704;Kulturgeschichte
2705;Kontiuität
2706;Beständigkeit
2707;80.000
2708;Krim
2709;Gewohnheit
2711;Digitale Bibliothek
2712;Akademiker
2713;WBG
2714;Wissenschaftliche Buchgesellschaft
2715;Arkadien
2716;Studium
2717;Der Bär auf dem Försterball
2718;Peter Hacks
2719;Peter Gut
2720;Grün
2721;Ozean
2722;Felder
2723;Wiesen
2724;Wälder
2725;Microserfs
2726;Arte
2727;Generation Dot.com
2728;Punksoul loving Bill and the Rod Tyler Bodydouble Merchandise
2729;Les Rosen
2730;Muse
2731;Shrinking Universe
2732;Bertolt Brecht
2733;Thomas Mann
2734;Heinrich Mann
2735;Erich Kästner
2736;Carl von Ossietzky
2737;Reflex
2738;Diktatur
2740;Teppich
2741;Jan Kath
2742;Synästhesie
2743;Innenarchitektur
2744;Plattencover
2745;Politik
2746;Rouven Ridder
2747;Ernesto Che Guevara
2748;Geschichten
2751;MacBook Air
2752;Notebook
2753;Laptop
2754;Jamab
2755;Marc Samwer
2756;Oliver Samwer
2757;Alexander Samwer
2758;Samwer Brüder
2759;Sebastian Fitzek
2760;Das Kind
2761;Andrea Ypsilanti
2762;Yps
2763;Roland Koch
2764;Malcom mittendrin
2765;Mammutmaus
2766;Monstermaus
2767;Maus
2768;Bobby Fischer
2769;Martin See
2770;Ambra
2771;Wir sind Helden
2772;The Geek shall inherit the Earth
2773;Groß Britanien
2774;Datenschutz
2775;Dystopie
2776;Blende
2777;Kamera
2778;Spiegelreflexkamera
2779;Prisma
2780;Auszeichnungssprache
2781;Postkarten
2782;Chez Linda
2783;Linda
2784;Gallerie
2785;Bullshitbingo
2786;Ontogenese
2787;Phylogenese
2790;Götz Werner
2791;Wohlstand
2792;Generation X
2793;Dag
2794;Montag
2795;Morgen
2796;Ziel
2797;Weg
2798;Wolfgang Clement
2799;West LB
2800;Nokia
2801;Subvention
2802;Spekulation
2803;Steuern
2804;DAX
2805;Börsencrash
2806;Muppet Show
2807;Filmindustrie
2808;Good bye, Lenin
2809;Wiglaf Droste
2810;Portishead
2811;Dummy
2812;Tour
2814;Friedrich Hölderlin
2815;Hyperion
2816;Hyperion an Bellarmin LIX
2817;Volk
2818;Barbaren
2819;Webseiten
2820;Mail
2821;Martin Albrow
2822;Abschied vom Nationalstaat
2823;Exportweltmeister
2824;Marcus Bensmann
2825;Ruhrbarone
2826;Jens Jessen
2827;Helmut Schmidt
2828;Nichtrauchen
2829;Spießer
2830;C’était un Rendez-Vous
2831;Ferrari
2832;Claude Lelouch
2833;Web Trend Map
2835;Hullaballo
2836;New Rock
2837;Shantel
2838;Bucovina Club 2
2839;Stefan Hantel
2840;Balranald
2841;And getting Dollars back
2842;Trip Hop
2843;Asgard
2844;Johannes Rau
2845;Geburtstag
2846;Madsen
2847;Vielleicht
2848;Deutsch LK
2850;Hannover
2851;Altenheim
2852;Zivildienst
2853;Wendland
2854;Kittie
2855;Snatch
2856;Bullet Tooth Tony
2857;Innovationsbrache
2858;Wikimedia Commons
2859;Doctrine
2860;Doctrine
2861;Mischa Verollet
2862;Web of Trust
2863;Informationarchitects
2864;Oliver Wagner
2865;Agenturblog
2866;Winston Churchill
2867;Oliver Reichenstein
2868;Vierte Gewalt
2870;Blogwerk
2872;Shoot 'em up
2873;Die Letzte Legion
2874;SchülerVZ
2875;E-Mail
2876;Freemail
2877;Explosions in the Sky
2878;The Rescue
2880;Die Feuerzangenbowle
2881;Heinz Rühmann
2882;Eskapismus
2883;Der Flegel
2884;Der Misanthrop
2887;Reputation Defender
2888;Sturmfahrt nach Alaska
2889;Gregory Peck
2890;Anthony Quinn
2891;Batman Begins
2892;Batman
2893;Gary Oldman
2894;Katie Holmes
2895;Michael Caine
2896;Koyaanisqatsi
2897;Netzdienst
2898;Visitenkarten
2899;WYSIWYG
2900;Öffentlichkeit
2901;Aufmerksamkeit
2902;Life after People
2903;Die Erde ohne uns
2905;Julie Paradies
2906;Prokrastination
2907;Muhammad Yunus
2908;Mikrokredit
2909;Mamoru Oshii
2910;Ghost in the Shell
2912;CIO Weblog
2913;Brockhaus
2914;Animal Crossing
2915;Takayuki Ikkaku
2916;Arisa Hosaka
2917;Toshihiro Kawabata
2919;Indiana Jones
2920;Selbstgespräch
2921;Identität
2922;Vergangenheit
2923;Roy Scheider
2924;We shall overcome
2925;Lernen
2926;Bildblog
2928;Zoomer
2929;Holtzbrinck Gruppe
2930;Ulrich Wickert
2931;Tony Mahony
2933;Siezen
2934;Toni Mahoni
2935;Kommunikation
2936;Telephon
2937;Jahreszeiten
2939;Präsidentschaftswahl
2940;Wahl
2941;Will.I.am
2942;Zahlen
2943;Statistik
2945;Schweiz
2946;Net-Metrix
2947;IVW
2948;WEMF Mediapulse
2949;Tagging
2950;Social Tagging
2951;Thomas Vander Wal
2952;Tübingen
2953;IWM
2954;Institut für Wissensmedien
2955;Gesellschaft für Medien in der Wissenschaft
2956;GMW
2960;Erlend Loe
2961;Doppler
2962;Langweile
2963;Konservativ
2964;Geburt
2965;Tod
2966;Vater
2967;Sohn
2968;Raum
2969;Leere
2970;Eremit
2971;Tüchtigkeit
2972;Satt
2973;Mittelstand
2974;Müdigkeit
2975;Stille
2976;Douglas Adams
2977;Hitchhikers Guide to Galaxy
2978;Per Anhalter durch die Galaxis
2979;Friday Night Lights
2981;Texas
2982;Schweigen
2983;Ruhe
2984;NBC
2985;Engel
2986;Michael Landon
2987;Charles Bukowski
2988;Saving Grace
2990;Literaturwissenschaft
2991;Massenträgheit
2992;Weltanschauung
2993;Daniel Day-Lewis
2994;Oil!
2995;There will be blood
2996;Piraten
2997;Stellan Skarsgård
2998;Dead Man's Chest
2999;Chow Yun-Fat
3000;Bill Nighy
3001;Jonathan Pryce
3002;At World's End
3003;Kulturtechnologie
3004;Martin Scorsese
3005;Matt Damon
3006;Martin Sheen
3007;Gilbert Grape
3008;Irgendwo in Iowa
3009;Jim Carroll
3010;Titanic
3011;The Departed
3012;Dropkick Murphys
3013;I'm shipping up to Boston
3014;Herz der Finsternis
3015;Captain Benjamin L. Willard
3016;Medienwandel
3017;Irak-Krieg
3018;Colonel Walter E. Kurtz
3019;Joseph Conrad
3021;Albert Hall
3022;Chief Phillips
3023;Aviator
3024;Ghosts I-IV
3025;I am Jeriko
3027;John Doe
3028;Jpod
3029;CeBit
3030;Fegefeuer
3031;Sitepoint
3032;Eliza
3033;Joseph Weizenbaum
3034;Künstliche Intelligenz
3035;Die Simpsons
3036;Tony Montana
3037;Scarface
3038;Uschi Obermaier
3039;Elizabeth II
3040;Die Queen
3041;Beat Takeshi Kitano
3042;Brother
3047;Kalifornien
3049;Darth Vader
3050;Anakin Skywalker
3051;Helligkeit
3052;Grundrecht
3053;Pfeife
3054;Moos
3055;Schwarzer Tee
3056;Käse
3057;Möse
3058;Morsen
3059;Weltfrauentag
3061;Was hat Dich bloß so ruiniert?
3062;Resident Evil
3063;Umbrella Corporation
3064;Resident Evil - Extinction
3065;Angel-A
3066;Football
3067;American Football
3068;Jamie Foxx
3069;An jedem verdammten Sonntag
3070;Any given Sunday
3071;James Woods
3072;Deep Blue
3073;Luc Besson
3074;Rie Rasmussen
3075;Third
3076;Krähen
3077;Raben
3078;Hugin
3079;Munin
3082;Nostromo
3083;Nostromo Projekt
3084;Datenpflege
3085;VLC
3086;Video Lan
3087;Video
3088;Datenkonvertierung
3089;Spielfilme
3090;Abenteuer
3091;Interpretation
3092;28 Weeks later
3093;Robert Carlyle
3094;Begbie
3095;Heidi Klum
3096;Josef Ackermann
3097;Vampire
3098;30 Days of Night
3100;Rio
3101;Diamond
3102;Steven Spielberg
3103;Jaws
3104;Martin Brody
3105;Die Aufschneider
3106;Netleih
3108;Notenbank
3109;Regierung
3110;Bad Company
3111;Inside the Machine
3113;Freifunk
3115;Freie Netze
3116;Fon
3119;Vincent Cassel
3120;Terrordrom
3121;La Haine
3122;Hass
3123;Die tollkühnen Männer in ihren fliegenden Kisten
3124;Jean-Pierre Cassel
3125;Pakt der Wölfe
3126;Pakt
3127;Raimund Harmsdorf
3128;Reinhold Messner
3129;Eddie Vedder
3130;William Shatner
3131;Billy Elliot
3132;Der Seewolf
3133;Soziale Massenträgheit
3134;Mittelschicht
3135;Vorstadt
3136;Little Children
3138;Operation: Kingdom
3139;The Kingdom
3140;Saudi Arabien
3141;Léon der Profi
3142;Kirschblüte
3143;Angus Stone
3144;Julia Stone
3145;Angus & Julia Stone
3146;All of me
3147;Washington D.C.
3148;Mike Steve Blueberry
3149;Blueberry
3150;Jean Giraud
3151;Gir
3153;Michael Madsen
3154;Mr. Blonde
3156;Trinity
3157;Morpheus
3158;Matrix Revolutions
3159;Matrix online
3160;MMORGP
3161;Ultima Online
3162;Anarchy Online
3163;William Gibson
3164;Neuromancer
3165;Matrix Reloaded
3166;Kill Bill
3167;Findet Nemo
3168;Finding Nemo
3169;Star Wars - Episode I
3170;Die Dunkle Bedrohung
3171;The Phantom Menace
3172;Star Wars - Episode II
3173;Angriff der Klonkrieger
3174;Attack of the Clones
3175;Senator Palaptine
3176;Count Dooku
3177;Christopher Lee
3178;Obi Wan Kenobi
3179;Wookipedia
3180;Palaptine
3181;Darth Sidious
3183;Clone Wars
3184;Seele
3185;Ehre
3186;Ausverkauf
3187;Christian Stöcker
3188;Experten
3189;Olympische Spiele
3190;Olympia
3191;Nichts
3192;Michael Ende
3193;Michael Ende Du hast mein Leben zerstört
3195;Die unendliche Geschichte
3196;Volksparkstadion
3197;IKB
3198;BayernLB
3199;Sommerzeit
3200;Der letzte Zug
3201;Klinkenstecker
3202;Galaxie
3203;Andromeda
3204;John Dubinski
3206;Fight Club
3207;Udo Kier
3208;Ice-T
3209;Henry Rollins
3210;Dolph Lundgren
3211;Johnny Mnemonic
3212;Oasis
3213;Wonderwall
3214;Insekten
3215;Kerbtiere
3216;Negerführer
3217;Martin Luther King
3218;Steve Jobs
3219;Ebay
3220;Herrschaft
3221;Autorität
3222;Georg Wilhelm Friedrich Hegel
3223;Rosa Luxemburg
3224;Myspace
3225;Friendenemy
3226;Sascha Brohm
3227;Popnutten
3228;Ntropie
3230;Chriss Glass
3231;Markus Freise
3233;Citroën DS
3234;Charlton Heston
3235;Planet der Affen
3236;Bowling for Columbine
3238;Ben Hur
3239;Die zehn Gebote
3240;El Cid
3241;Soylent Green
3242;IBM
3243;ISP
3244;Jörg Pilawa
3245;ARD
3246;Fernsehrat
3247;Technorati
3249;Fym
3251;Imperialismus
3252;Burn the rope
3254;Webring
3255;Wolfgang Blau
3256;Til Schweiger
3257;One Way
3258;Malstrom
3259;Tragödie
3260;Mos Def
3261;Danny Glover
3262;Abgedreht
3263;Be kind rewind
3264;Nazis
3265;Billy Zane
3266;The Last Mission
3267;Guido Knopp
3268;Blättern
3269;Tower Defense
3271;Bettwärme
3272;Bettschwere
3273;Elbe76
3274;Reisen
3275;Koffer
3276;Spot
3277;Kurzfilm
3278;Louis Vuitton
3279;Adsense
3280;Blattsterben
3281;Hagakure
3282;Regen
3283;Vector TD
3284;Desktop TD
3285;Anne Clark
3286;Our Darkness
3288;Nico Bruenjes
3289;Falk Lueke
3293;Amazon Elastic Cloud
3294;EC2
3295;Google App Enginge
3296;Elastra
3298;Erlang
3300;Eine eigene Geschichte
3301;Autopoesis
3302;Christian Steiner
3303;Markus Opolka
3304;Martialblog
3306;Sport
3307;Dj Rabauke
3308;Nahrungsmittelkonzerne
3309;Horst Lorenz Seehofer
3310;Politikverdrossenheit
3311;Prinz Eisenherz
3312;Hal Foster
3313;Leidenschaftslosigkeit
3314;Germany's next Topmodel
3315;Kraftwerk
3316;Das Model
3317;Chemical Brothers
3318;Where do I begin
3319;Prophet
3320;Eisenhans
3321;Tank Girl
3322;Panopticon
3323;Gefängnis
3324;Michel Foucault
3325;Überwachen und Strafen
3326;Überwachung
3327;Zoon Politikon
3328;Verschlichter Dich
3329;Schmunzeln
3330;Nicholas Negroponte
3331;Manfred Plinke
3332;Total Digital
3333;Miniverlag
3334;Sláine
3335;Deine Lakeien
3336;Traitors
3337;Shared Space
3338;Verkehrsplanung
3339;Regeln
3340;Discipline
3341;Geistiges Eigentum
3343;Wolfenstein
3344;Wetterballon
3345;Gartenstuhl
3346;Larry Walters
3347;Kazushi Watanabe
3348;19
3350;Sonatine
3353;Letztes Jahr im Sommer
3354;Lovefilm
3355;Wabi Sabi
3356;Lobby
3357;Life Magazine
3358;Photoreportage
3360;Schafe
3361;ICE
3362;Die Bahn
3363;Brandeins
3364;Ostwestfalen
3365;Europameisterschaft 2008
3366;Afghanistan
3367;CSS 3
3368;Xpointer
3369;Globales Dorf
3370;Reeperbahn
3371;Albert Hoffmann
3373;Machtlosigkeit
3374;Unternehmen
3375;Thilo Baum
3376;Die Welt
3378;Debatte
3379;Gitanes
3380;Caching
3382;Familienunternehmen
3383;Gerson Meschut
3384;Böllhoff
3386;The Slip
3388;Microbanner
3389;Couchblog
3390;Christian Bangel
3392;Mauersegler
3393;Stoa
3394;Messias
3395;Frühstück
3396;Scoop
3397;Humanglobaler Zufall
3398;Springer
3400;Digg
3401;Yoda
3403;Jedi
3404;Adidas
3405;Hans Söllner
3406;Dekoration
3407;Erschöpfung
3408;Faulheit
3409;Der Weg des gringsten Widerstandes
3410;68
3411;Yuppies
3412;Helmut Kohl
3413;Ronald Reagan
3414;Magret Thatcher
3415;Gerhard Schröder
3416;Rudi Dutschke
3417;Nirvana
3418;Modern Talking
3419;Top Gun
3420;Eine neue Hoffnung
3421;Magic the Gathering
3422;Simic
3423;Inkubator
3424;Gentechnik
3425;Christian Mücke
3426;A good Year
3427;Ein gutes Jahr
3428;Russel Crowe
3429;Insider
3430;Tyler Durden
3431;Château
3432;Provonce
3434;Ulraub
3435;Freizeit
3436;Der Tobi und das Bo
3437;Is mir egal
3438;Genie und Wahnsinn
3439;Times
3441;Wrangler
3442;Grand Theft Auto
3443;Xbox 360
3444;Robin Williams
3445;Peter Weir
3446;Club der toten Dichter
3447;Marine
3448;Essen
3449;David Cohn
3450;Johannes Kuhn
3452;Data Availability
3453;Facebook Connect
3454;Friend Connect
3455;Klassenerhalt
3456;Metapher
3457;Louis Sullivan
3458;Form follows Function
3459;Hochhaus
3460;Wolkekratzer
3461;The tall office building artistically considered
3463;Oh night
3464;Heinz Halm
3465;Der Islam
3466;Monotheismus
3468;SimLife
3469;Johann das Gespenst
3470;Erwin Leder
3471;Der Punkt
3472;Open Calais
3473;Taragoo
3474;Calais
3478;Antonio Vivaldi
3479;Die vier Jahreszeiten
3480;Antidot
3481;Malessen
3482;Teutoburger Wald
3484;Wald
3485;Whiskey
3486;Justin Vernon
3487;Robert Lee Frost
3488;Bon Iver
3489;For Emma, forever ago
3490;Granddaddy Jake
3491;Johnny Seven Moons
3493;Marcel Weiß
3494;Martin Weigert
3495;Netzwertig
3496;Techcrunch
3500;Community-Kriege
3501;Das Ding
3502;Benjamin Grimm
3503;Robert Duvall
3504;Francis Ford Coppola
3505;Der Pate - Teil I
3506;Santino Corleone
3507;Virgil Sollozzo
3508;Akira Kurosawa
3509;Toshiro Mifune
3510;Die sieben Samurai
3511;Emanzipation
3512;Zivilisation
3513;Mediapart
3514;Eureka
3515;E-Science News
3517;Spot.us
3518;Aggregation
3519;Memetracker
3520;Clustering
3521;Bayesian Filter
3522;Namespaces
3523;Magnolia
3526;Thomas Evangelium
3527;Stigmata
3528;Roter Panda
3529;Geisha
3530;Die Geisha
3531;Husum
3532;Izanagi
3533;EM2008
3534;Malte Welding
3535;England
3536;Elfmeterschießen
3537;Tim O'Reilly
3540;Penisneid
3541;Elfen
3542;Körper
3547;Fallschirmspringen
3548;Thumbails
3549;Voschau
3550;Web-Service
3551;Girafa
3552;Bilder
3553;Industrie
3554;Copyright
3555;Heros of Might and Magic
3556;Agnoy
3557;Agonie
3558;Argonauten
3559;Life of Agony
3560;Let's pretend
3561;Ugly
3563;Application Programming Interface
3564;API
3566;Wahlrecht
3567;Kaiserreich
3568;Zensurwahlrecht
3569;Verfassungsschutz
3571;Social Bookmarking
3572;Faviki
3573;DBpedia
3574;Silverlight
3576;If the brakeman turns my way
3579;StudiVZ
3580;Action Figure
3582;American Beauty
3583;Lester Burnham
3584;Mid-life Crisis
3585;Sam Mendes
3586;G-13
3587;Prärie
3588;Grassland
3589;Steppe
3590;Great Plains
3591;Foafer
3592;Drigger
3593;Martin Borho
3598;Untergang
3599;Marylin Manson
3600;Antichrist Superstar
3601;Eskalation
3602;Modell
3603;Systemtheorie
3604;Regal
3605;Treppe
3607;Indiander
3608;Wildnis
3609;Brasilien
3610;Amazonas
3611;Regenwald
3612;Urwald
3613;Netisierung
3614;Kanon
3616;Svalbard
3617;Triere
3618;Trieme
3619;Manifest
3620;37 Signals
3621;Bio
3622;Plastik
3623;Verpackung
3624;Birkel
3625;Josuha Porter
3626;Designing for the Social Web
3627;Kommandozeile
3628;Goosh
3629;Shell
3630;Peter Rühmkorf
3631;Kyuss
3632;Blues for the red sun
3633;Störungsmelder
3634;Gemeinwohl
3635;Öffentliches Interesse
3636;Investigativer Journalismus
3637;Long Tail
3638;Killerguides
3639;Guide
3642;And the Circus leaves town
3643;Öffentlich Rechtliche
3644;Kontinentaldrift
3645;Europäische Union
3647;Tao Lin
3648;You are a little bit happier than I am
3649;Karten
3650;Vermessung
3651;Mathias Döpfner
3652;SEO
3653;Wettbewerbsverzerrung
3656;Downward Spiral
3657;Kurt Beck
3658;Webdeveloper
3659;Hawaii
3660;Prototyp
3661;Keith Olbermann
3662;George W. Bush
3663;Favicons
3664;Bookmarks
3665;Toolbar
3666;Loadbalancing
3667;Grid
3668;Performanz
3669;High Traffic
3670;Boston Chronicle
3673;Informationen
3674;Informationsflut
3675;Information Overload
3676;Friedrich Nietzsche
3677;Zarathustra
3678;Also sprach Zarathustra
3679;We3
3680;Ius Primae Noctis
3681;Magnifizenz
3682;Nationalhymne
3683;Antoine de Saint Exupéry
3685;Webdevelopment
3687;Social Networks
3688;Interface
3689;Brand
3690;Edward Tufte
3691;Ryan Tomayko
3694;Usability
3695;Information
3696;Computer Administrative Debris
3697;Mollom
3699;Mark Pilgrim
3700;James Bennett
3701;Langeweile
3702;Hoffnung
3703;Powerpoint
3704;Gold
3705;Familie Gold
3706;Roland Klick
3707;Michael Degen
3708;Supermarkt
3709;Sittengemälde
3710;Agenturen
3712;Martin Ganteföhr
3713;Josef Joffe
3714;Jürgen Habermas
3715;Nielsen
3716;Comscore
3717;Google Ad Planer
3718;Helmholtz Zentrum
3719;Asse
3720;Halo
3721;Webserver
3722;Relaunch
3723;Information Architects
3725;Chris Lüscher
3728;One foot in front of the other
3729;Startup
3730;Fehler
3731;Plattform
3732;Maja
3733;Spore
3734;Penis
3735;Casting
3736;BMW
3737;Data Portability
3738;Gnip
3739;Rollcage
3740;Ludwig XIV
3741;Wilhelm II
3743;Louis-Ferdinand Céline
3744;Energie
3745;Muxtape
3747;Michael Ballack
3748;Fugazi
3749;Waiting Room
3750;13 Songs
3752;Privatisierung
3753;Radiohead
3754;Creep
3756;John McCain
3757;Photojournalismus
3759;Der große Krieg
3760;Weltbild
3761;Natriumglutamat
3762;Geschmacksverstärker
3763;Grüner Punkt
3764;Duales System
3765;Drucker
3766;Tintenstrahldrucker
3767;Erzählen
3768;Anton Waldt
3769;Interactive Narratives
3770;Berliner Republik
3772;Luftschiff
3773;Zeppelin
3774;Blimp
3775;Boing
3776;Flann O'Brien
3777;Hunter S. Thompson
3778;Himmel
3779;Diabolo
3780;Diabolo III
3782;Glauben
3783;Peter Mafay
3784;Dalai Lama
3785;Tödliche Versprechen
3786;American Gangster
3787;Evolution
3788;Angelo Branduardi
3789;Copycat
3792;Gears
3793;Spaß
3794;Seth Godin
3795;Eve Online
3796;Trader
3797;Sheffield
3798;The Dark Knight
3799;Seehundstaupe
3800;Seehund
3801;Franz Josef Land
3802;George W. Bush
3804;Hisbollah
3805;Markus Beckedahl
3806;Bürgerjournalismus
3807;Kommentare
3808;Autismus
3809;Adam Sandler
3810;Leg Dich nicht mit Zohan an!
3811;Eis am Stiel
3812;Deisgn Pattern
3813;Entwurfsmuster
3814;Muster
3815;Pattern
3818;Design Pattern
3819;Xavier Naidoo
3820;Jazzkantine
3821;Nothing Else Matters
3822;Cartoon
3823;Will Eisner
3824;Der Spirit
3825;Christoph Schlingensief
3826;Parzifal
3828;Konnexus
3829;Peking
3831;Review
3832;Tools
3833;Frank Westphal
3834;T3N
3835;Ruby
3837;Rsync
3838;SSH
3839;cron
3840;Kommando
3841;Semisonic
3843;Closing Time
3844;Eprom
3845;PSP
3846;Batterie
3847;Livestream
3848;Digitalisierung
3849;Windows
3850;Patriot Act
3851;Sable Island
3853;Insel
3854;Der Spiegel
3855;The Atlantic
3856;Nicholas Carr
3857;Immanuel Kant
3858;Mündigkeit
3859;Verbote
3861;Library
3862;Art
3864;Autonome Agenten
3865;Agent Smith
3866;Ossetien
3867;Bob der Blogmeister
3869;Albert Speer
3870;Paperball
3872;FAZ
3873;Domain Driven Design
3874;DTD
3875;Thomas Knüwer
3878;Sparrenblog
3879;Gregg Segal
3880;Tina Polster
3881;Musiker
3882;Gisbert zu Knyphausen
3883;Monocle
3885;Digital Ash in a digital Urn
3886;Tagesanzeiger
3887;Silicon Valley
3888;Anime
3889;Die Rettung des gedruckten Wortes
3890;Spotlight
3892;OpenCyc
3893;Josef Joffe
3894;Pfründe
3895;Volksempfänger
3896;Dark Lord
3897;Star Wars - Clone Wars
3898;Starkiller
3899;Star Wars - The Force Unleashed
3900;Armin Müller-Stahl
3901;Russenmafia
3902;London
3903;Loom
3904;Lucas Arts
3905;Datenbanken
3906;TopTen
3908;Listen
3910;Stubenhocking
3911;Wellness
3912;Kings of Convenience
3913;Bang & Olufsen
3914;Ikea
3915;Sofa
3916;Couch
3917;José González
3918;Teardrop
3919;In our Nature
3920;Chumby
3921;Wecker
3922;Wlan
3923;Kanada
3926;2081
3929;11. September
3930;Undertow
3931;World Trade Center
3933;Rasmus Lerdorf
3934;Hardware
3935;Pixelfehler
3936;Monitor
3937;Display
3938;Tote Pixel
3939;Monarchfalter
3940;Schmetterling
3941;Zugtiere
3942;Schwarm
3943;Bernd Begemann
3944;Ohrensessel
3945;Jugendbewegung
3947;Katia Klem
3948;Generationskonflikt
3949;New York Magazine
3950;Wired
3952;Serchilo
3953;Ubiquity
3954;Konstantin Wecker
3955;Willy
3956;Jay Mariotti
3959;Welt Online
3960;Klicks
3961;IVW
3964;Mite
3965;Leinad Zeraus
3966;Daemon
3967;3deluxe
3968;Black Rain
3969;Die Unberührbare
3971;Coffee Table Book
3972;Andy Garcia
3973;Ken Takakura
3974;Ennis Haus
3975;Frank Lloyd Wright
3976;Zohan
3977;Happy Gilmore
3978;Palästina
3979;Firseur
3980;Chrome
3987;XForms
3990;Julien Offray de La Mettrie
3991;L'homme machine
3992;Labrador Retriever
3993;Daily Telegraph
3994;Office
3995;Google Documents
3996;Gene
3997;IMDb
3998;Richard Dawkins
3999;Lyotard
4000;Janet Murray
4001;Hamlet on the Holodeck
4002;Lebewesen
4003;Launch
4004;PR
4005;Public Relations
4009;GNU
4010;Stephen Fry
4012;Free Software
4013;Freiheit
4014;Pisto
4015;Joker
4016;Heath Ledger
4017;Christopher Nolan
4018;Gotham Knight
4020;Peter Glaser
4023;Suchen
4024;Finden
4025;Essay
4028;Sven Heising
4029;Refactoring
4031;Gespräch
4033;Tim Staffel
4034;Im Wein
4035;Structured Blogging
4040;Blau
4041;Docuverse
4042;Einestages
4043;Freiheit.com
4044;Die Schattenlinie
4045;Han Solo
4046;MacGyver
4048;Perlenflasche
4049;Normflasche
4050;Günter Kupetz
4051;Flasche
4052;Mineralwasser
4058;Lost in Translation
4059;Bob Harris
4060;Kung Fu Panda
4061;Robin Hood
4062;Oogway
4063;Alec Empire
4064;Digital Hardcore Recordings
4065;Hetzjagd auf Nazis
4066;Atari Teenage Riot
4070;Monitor
4071;Bildschirm
4073;Æon Flux
4074;Charlize Theron
4075;Peter Chung
4076;Liquid Television
4077;Aeon Flux
4078;Das Phantom
4079;Phantom 2040
4080;Pitch Black
4081;Riddick
4082;Dark Fury
4083;Underworld Evolution
4084;Werwölfe
4085;Herbst
4086;Winter
4089;Magengeschwür
4090;Marquee
4091;Dinosaurier
4092;Schokolade
4093;Nikolaus
4094;Assembla
4095;Track
4096;Git
4097;Scrum
4098;IDE
4100;Rem Koolhaas
4101;Pro Publica
4102;Dirk Olbertz
4103;ben-u-ron
4104;Matthias Kalle
4105;1975
4106;United Airline
4107;KfW
4108;Hope
4109;David Eugene Edwards
4110;16 Horsepower
4111;Krise
4113;Dominik Schwarz
4115;Emo
4117;Google Analytics
4118;Feedburner
4119;Urban Tool
4120;Hipbag
4121;Lohas
4122;Holz
4127;Marktwirtschaft
4128;Angebot
4129;Nachfrage
4130;The Road to Mandalay
4132;Template
4133;Baader Meinhoff Komplex
4138;Film
4140;Searchmonkey
4141;Max Goldt
4142;Katz
4143;Theodor Adorno
4144;Hildegard von Bingen
4145;Elton John
4151;Space Night
4153;SAP
4154;Ruhepuls
4155;Dominosteine
4156;Geist
4158;Capri-Sonne
4159;Take That
4160;Never Forget
4161;Shadow of the Colossus
4162;The Fantastic Four
4163;Die fantastischen Vier
4164;Packt Publishing
4165;Raw Books
4166;Sarah Silverman
4167;Juden
4168;Technics
4169;1210
4170;SL-1210 MK2
4171;Zwölfzehner
4174;Textgenese
4175;Magersucht
4176;Petra Schmitz
4177;Schmitzchen
4178;Adam
4179;Eva
4180;The Streets
4181;Everything ist Borrowed
4182;Finanzkrise
4183;Banken
4184;Sad Guys on Trading Floors
4185;Matt Thompson
4186;Jeff Jarvis
4187;Newsjunkie
4188;Knight Foundation
4189;News Challange
4190;Stiftung
4191;Gollum
4192;Jules Verne
4193;Reisen unter dem Meer
4194;Fredrik Raddum
4195;Skulptur
4196;Beute
4197;Mediaclinque
4198;Bloggen
4199;Read Write Web
4201;My Football Club
4202;Ebbsfleet United
4203;Schiffe versenken
4204;Gameloft
4205;Hero Quest
4206;MB
4207;Bayrische Motorenwerke
4208;Physik
4209;Autobauer
4210;Parlament
4211;Reichstag
4212;Bundestag
4213;Primat
4214;Tassimo
4215;Globus
4217;Snow Crash
4218;Google Earth
4219;Google Maps
4220;Edmund Stoiber
4221;Pandorra
4222;Music Genome Project
4223;Gütersloh
4224;Preußen
4225;Preussenippon
4226;Sonnenfinsternis
4227;Mond
4228;Wahnsinn
4229;Apokalypse
4230;Google Talk
4231;Affen
4232;Affenarmee
4233;Paderborn
4234;Heinz Nixdorf
4235;Nixdorf
4236;Heinz Nixdorf Forum
4237;Aibo
4238;Exzentrik
4239;David Carradine
4240;Arnold Schwarzenegger
4241;Marc Tönsing
4242;Jörn Schreiber
4243;Wer den Wert schöpft
4244;Geek
4245;Dave
4246;Kevin Kline
4247;Sigourney Weaver
4248;Der Maulwurf Grabowski
4249;Maulwurf
4250;Jäger des verlorenen Schatzes
4251;Dirk Gently's Holistische Detektei
4252;Dirk Gently
4253;Der elektrische Mönch
4254;Rollerball
4255;70er
4256;Band of Brothers
4257;Animatrix
4258;Bill Clinton
4259;Aldebaran
4260;Manager
4261;Hausmann
4262;Freunde
4263;Kopf
4264;Unfall
4265;Illustration
4266;Dive
4267;Bloodmoney
4268;Volskwagen
4269;Ehrung
4270;Marcel Reich-Ranicki
4271;Elke Heidenreich
4272;Deutscher Fernsehpreis
4273;ZDF
4274;RTL Sat1
4275;Sat 1
4276;Comet
4277;Holographie
4278;Projektion
4279;3D
4280;Le Corbusier
4281;Modulor
4282;Jörg Haider
4283;Phaeton
4284;Österreich
4285;FPÖ
4286;Bankenkrise
4287;Weltwirtschaftskrise
4288;Orson Welles
4289;Weißer Wal
4291;Zeit Online
4292;Zeit Campus
4293;Campus Community
4294;Hermann Hesse
4295;Ende
4296;Artificial Intelligence
4297;KI
4298;AI
4299;Neuronale Netze
4300;Neurosemantik
4301;Queap
4302;Laws of Form
4303;Gesetze der Form
4304;Logik
4305;Schneider TM
4306;The Smiths
4307;The Light
4308;The Light 3000
4309;Morrisey
4310;DMZ
4311;Abgestürtzt
4312;Freiheitsstatue
4313;Emma Lazarus
4314;The New Colossus
4315;Immobilienkrise
4316;Hunde
4317;Katzen
4318;Haustiere
4319;RDFa
4320;80er
4321;Benedict Redgrove
4323;Pininfarina Modulo
4325;Kinderbuch
4327;Robotface
4329;TV
4330;US-Wahl
4331;On the Edge of a Cliff
4332;Mike Skinner
4333;MC Yogi
4334;MC Winkel
4335;E-Reader
4336;Diamond Age
4338;Dinge geregelt kriegen - ohne einen Funken Selbstdisziplin
4339;Selbstdisziplin
4340;Disziplin
4341;Jimdo
4342;Imperia
4343;Josef Stalin
4344;Silvio Berlusconi
4345;Alexander Mehler
4346;Uni Bielefeld
4347;Aussicht
4348;E-Book
4349;Herrlichkeit
4350;Gladiator
4351;Rosenkranz
4352;Mein Name ist Nobody
4353;Henry Fonda
4354;Ennio Morricone
4355;Sergio Leone
4356;Thunderbird
4357;Google Definitions
4358;Bikini
4359;Ishara
4360;Usurpator
4361;Bruce Springsteen
4362;Born in the U.S.A.
4363;Jajah
4364;Telefonieren
4365;VoIP
4366;Sopranos
4367;Tony Soprano
4368;Leviathan
4369;Microblogging
4370;Brian Wood
4371;Riccardo Burchielli
4372;Amerikanischer Bürgerkrieg
4373;Waxmann Verlag
4374;Good Tags Bad Tags
4375;Briefmarke
4376;Smarty
4377;NHK
4378;Revolution
4379;Prothesengott
4380;Prothese
4381;Allein allein
4382;Peter Heppner
4383;Wolfsheim
4384;Alleine Sein
4385;George Lucas
4386;10.000 B.C.
4387;Predator
4388;Tödliche Entscheidung
4389;Iron Man
4390;Micropolis
4391;Terminten
4392;Der Krieg des Charly Wilson
4393;No Country for Old Men
4394;Javier Badem
4395;Tommy Lee Jones
4396;Die Schwarze Sonne
4397;Helena Petrovna Blavatsky
4398;Rüdiger Sünner
4399;Esoterik
4400;Mystizismus
4401;Sodoms Äfflein
4402;Karl Maria Wiligut
4403;Smokin' Aces
4404;Machtlos
4405;Understanding Media
4406;Extensions of Man
4407;Sigmund Freud
4408;Schicksalsberg
4409;Kanzleramt
4410;Augias
4411;Webworker
4412;CNN
4413;Holland
4414;Münzen
4415;Konstantin Weiß
4417;C
4418;SQL
4419;Programmiersprachen
4420;Airwaves
4421;Radiofrequenzen
4422;Funkfrequenzen
4423;Frequenzen
4424;UMTS
4425;X3
4426;Werbespot
4427;Druplicon
4428;Drupalcamp
4429;Köln
4430;Kaiserwetter
4431;Unglück
4432;Gregor Samsa
4433;Band
4434;Mogwai
4435;Melancholie
4436;Thomas Hobbes
4437;Naturzustand
4438;Politische Philosophie
4439;Bellum omnium contra omnes
4440;Krieg aller gegen alle
4441;Italien
4442;Peschici
4443;Lotto
4444;Synchronizität
4445;Job
4446;Beruf
4447;Franz Xaver Kroetz
4448;Die heilige Johanna der Schlachthöfe
4449;Schlachthof
4450;Schweine
4451;Neon
4452;Beton
4453;Sakralbau
4454;Profanbau
4455;Goldener Beton
4457;Passivhaus
4458;Rabbit in your Headlights
4459;U.N.K.L.E.
4460;Alaska
4461;Grönland
4462;Rebrush
4463;Grabplatte
4464;Opera Mini
4465;Die Frau nebenan
4466;Gérard Depardieu
4467;Französisches Kino
4468;The Downward Spiral
4469;Barcamp
4470;Sinnerschrader
4471;Embrace Constraints
4472;The Economist
4473;Eis
4474;Blog Boys
4475;Baikonur
4476;Weltraumbahnhof
4477;Wettlauf ins All
4478;Nikita Sergejewitsch Chruschtschow
4479;ORF
4480;Wolfgang Lorenz
4481;Christof Siemes
4482;Epidemiologie
4483;Prognose
4484;Exil
4485;The Burning Crusade
4486;Audi
4487;Audi A3
4488;Selig
4489;Hier
4490;Prollrock
4491;Kifferrock
4492;Die Herrschaft des Feuers
4493;Drachen
4494;Feuer
4495;Bundes Vision Song Contest
4496;Jan Plewka
4497;TempEau
4498;Jürgen Prochnow
4499;PBS
4501;Mark Tansey
4502;Contstructing the Grand Canyon
4503;Grand Canyon
4504;Konstruktivismus
4505;Wirtschaftskrise
4506;Sueddeutsche Zeitung
4507;Travian
4508;Sexy Beast
4509;Ray Winstone
4510;Bankraub
4511;Has Been
4512;Common People
4513;Ruby on Rails
4514;Durs Grünbein
4515;Parallelwelt
4516;Intellektuelle
4517;Cicero
4518;Rosa Luxemburg Stiftung
4519;Linke Medienakademie
4520;Alt68er
4521;Hase und Igel
4522;Opel
4523;Solar World
4524;Strukturwandel
4525;Terrorapparat
4526;Life
4527;John Connor
4528;Terminator
4529;Qype
4530;Ebalance
4531;Star Quest
4532;Warcraft
4533;Warhammer
4534;Games Workshop
4535;Primärtugend
4536;Sekundärtugend
4537;Moral
4538;Ethik
4539;Tugend
4540;Mein Fuchs
4541;Bolt
4542;Fortschritt
4543;Corlaine
4544;Zauberei
4545;Pulli
4546;Schlumpf
4547;Hoody
4548;Murmansk
4549;Kolt
4550;Klamotten
4551;The Kooks
4552;Glossr
4553;Crowd Sourcing
4554;QR-Code
4555;Barcode
4556;HAML
4557;PHAML
4558;Template Engine
4559;BCHH08
4560;Blogevolution
4561;Crywolf
4562;Code Candies
4563;A2
4564;Mitleid
4565;Callcenter
4566;Air Berlin
4567;Susanne Gaschke
4568;Kopi Luwak
4569;DE-Mail
4570;Erziehung
4571;Pädagogik
4572;Intrinsiche Motivation
4574;Online Journalismus
4575;Emergenz
4576;Ausland
4577;Baden-Württemberg
4578;Fasa
4579;SimpleDB
4580;Amazon SimpleDB
4581;Cloud Computing
4582;Skalierbarkeit
4583;Plastination
4584;Tartaros
4585;Gunter von Hagens
4586;Festanstellung
4587;Wir nennen es Arbeit
4588;Holm Friebe
4589;Lohnarbeit
4590;Krankheit
4591;Frithjof Bergmann
4592;Physiotherapie
4593;Kairos
4594;Annegret Bruns
4595;Schwarzer Schwan
4596;Black Swan
4597;Nassim Nicholas Taleb
4599;Adam Green
4600;Indie
4601;Wolf
4603;Nova Scotia
4604;Tschechien
4605;Tschechische Doppelverneinung
4606;Doppelverneinung
4607;Forsi
4608;Die Forsi und Mischa Show
4609;Native Client
4610;Krimi
4611;Thriller
4612;Clay Shirky
4613;Wert
4614;Klicksafe
4615;Kommerz
4616;Konsum
4617;Virtualität
4618;Eitelkeit
4619;Thomas D.
4620;Smudo
4621;Paggr
4622;Ajax
4623;Automation
4624;Techmeme
4625;James Bond - Quantum of Solace
4626;Romantik
4627;Erdbeben
4628;Moritz Krämer
4630;Electronica
4631;Liedermacher
4632;Laufen
4633;Jogging
4634;Kotzen
4635;Limit
4636;Fallsucht
4637;Virb
4638;Nionex
4639;Kyffhäuser
4640;Barbarossa
4641;Netz gegen Nazis
4642;Isle of Eigg
4643;Eigg
4644;Schottland
4645;Hebriden
4646;Innere Hebriden
4647;House of Pain
4648;Shamrocks and Shenanigans
4649;Everlast
4650;Thalia
4651;EPUB
4653;Buchhandel
4654;Lostech
4656;Christoph Lüscher
4657;Talbuk
4658;Kurenai
4659;Nagrand
4660;Ripper
4661;Rippen
4662;John McLain
4663;Jack Bauer
4664;The Full Monty
4665;Die Mumie
4666;Das Grab des Drachenkaisers
4667;Yak
4668;Brendan Fraser
4669;Cantina
4670;Pessimismus
4671;Optimismus
4672;Selbstverwirklichung
4673;Laientypographie
4674;Zazen
4675;SUP
4676;Simple Update Protocol
4677;Protokol
4678;HTTP
4679;Kino
4680;Inger Christensen
4681;How I met your mother
4682;Baguette
4683;Michail Baguettski
4684;Ericsson Portable PC
4685;CCK
4686;Panels
4687;Views
4688;Idee
4689;Systematische Rhetorik
4690;Rhetorik
4691;Heinrich F. Plett
4692;Enterprise Content Management
4693;Das IBM-Argument
4694;Urban Exploration
4695;Lost Places
4696;Autobahn
4697;Reichsautobahn
4698;A100
4699;Bundesautobahn 1
4700;Sinklars Vísa
4701;Týr
4702;Wiking-Metal
4703;Heavy Metal
4704;Färöer
4705;Thor
4706;John Bauer
4707;Michael Braungart
4708;Müll
4709;Cosmia
4710;Tel Aviv
4712;Jay Rosen
4713;Presse
4714;Drucken
4715;Hessen
4716;Ursula von der Leyen
4717;Thorsten Schäfer-Gümbel
4718;Obama-Effekt
4719;Flensburger
4720;Johnny Clegg and Savuka
4721;Your time will come
4722;00er
4723;Guido Westerwelle
4724;Technical Itch
4725;Killabites
4726;Killabites 2
4727;Das Geheimnis von Nimh
4728;Schwarz
4730;Monsterhase
4731;Her Morning Elegance
4732;Oren Lavie
4733;Carmella Soprano
4735;CKK
4736;Lucene
4737;Solr
4739;Freundlichheit
4740;Coldheat
4741;Editorial Design
4742;Qualität
4743;SIFR
4744;Jason Santa Maria
4745;Sazuan
4746;The Ney York Moon
4747;Spotify
4748;Hugh Jackman
4749;Opulenz
4750;Strukturalismus
4751;Linguistik
4752;Sweeny
4753;Benedikt XVI
4754;Joseph Ratzinger
4755;Sprichworte
4756;Texteratur
4757;Pi
4758;Natur
4759;Mathematik
4760;System
4761;Tom Skerritt
4762;Dallas
4763;Amy MacDonald
4764;MIT
4765;Postcyberpunk
4766;Bildungsroman
4767;Kulturtechnik
4768;Autoschrauber
4769;Schrauber
4770;Technophilie
4771;Grammatik
4772;Schematron
4773;Schema
4774;XSD
4776;Calexico
4777;Sunken Walz
4778;Garten
4779;Schrebergarten
4780;Netbook
4781;Kettenreaktion
4782;Schalke04
4783;Captain Future
4784;Signor Rossi
4785;Saber Rider
4786;Robin of Sherwood
4787;Cormac McCarthy
4788;Die Straße
4789;Pantheon
4790;Daten
4791;Relationale Datenbanken
4792;Mixed Content Model
4793;Github
4794;Gist
4795;Versionierung
4796;Bowmore
4797;Talisker
4798;Grizzly Adams
4799;Der selbstsüchtige Riese
4800;Kitten
4801;Merlin
4802;CouchDB
4803;Heimweh
4804;Master and Commander
4805;On my way to Heimweh
4806;Gemeinde
4807;Bruce Sterling
4808;Schismatrix
4809;Annotation
4810;Hooks
4811;Kapern
4812;Wildgänse
4813;Graugänse
4814;Sängerkrieg
4815;Der Sängerkrieg der Heidehasen
4816;Tannhäuser
4817;Wartburgkrieg
4818;Deutschland sucht den Superstar
4819;DSDS
4820;Dateien
4821;Security
4822;Datenzugriff
4823;James Blunt
4824;Goodbye my Lover
4825;Betonschiff
4826;Francisco de Goya
4827;Perro semihundido
4828;Museo de Prado
4829;Madrid
4830;Marietta Slomka
4831;Tageszeitung
4832;Getting Real
4833;URLs
4834;Htaccess
4835;Seenotretter
4836;See
4837;Iwan Konstantinowitsch Aiwasowski
4838;Die Woge
4839;Popocatépetl
4840;Maschinenwinter
4841;Sarah Kreuz
4842;Beyonce
4843;Amok
4844;Buskampagne
4846;World Sunlight Map
4847;Zehnseiten
4848;Schriftstellerei
4849;Archaeopteryx
4850;Verena Roßbacher
4851;Verlangen nach Drachen
4852;Walpurgis Night
4853;The Qemists
4854;Join the Q
4855;Ninja Tunes
4856;Jon Krakauer
4857;Mount Everest
4858;François Villon
4859;Die Ballade von den Armen und den Reichen
4860;Die Ballade von den allgemeinen Redensarten
4861;Geodefense
4862;Flugzeugträger
4863;X6
4864;Neoklassizismus
4865;Erwischt
4866;Trinken
4868;James Hetfield
4869;Asterix
4870;Obelix
4871;Albert Uderzo
4872;René Goscinny
4873;Jesus
4874;Tempelreinigung
4875;Sein
4876;Schein
4877;Kulturflatrate
4878;Bundesrepublik Deutschland
4879;Barney Stinson
4880;Awesomeness
4881;Neil Patrick Harris
4882;Gerhart Hauptmann
4883;Cranach Presse
4884;Edward Gordon Craig
4885;Harry Kessler
4886;Forgotten
4887;Inferno
4888;Dario Argento
4889;Jit
4890;Red Fury Turbo Racer
4891;Fireball
4892;Freundschaft
4893;Messer
4894;Saint Veran
4895;Edward Johnston
4896;Landwirtschaft
4897;Westfalia
4898;Shelley Memorial
4899;World in Conflict
4900;Sierra
4901;Hochzeit
4902;Heiraten
4903;Nachts im Museum
4904;Museum
4905;Theodore Roosevelt
4906;Sterben
4907;Antonio Puerta
4908;Blogscout
4909;Und endlich unendlich
4910;Christian Neander
4911;Kontrolle
4912;Produktmanagement
4913;Stoffwechselprodukt
4914;Scheiße
4915;Volker Panzer
4916;Moritz von Uslar
4917;Rainald Goetz
4918;Nachtstudio
4919;Yankees
4920;Someecards
4921;Heute
4922;Jim Caroll
4924;Branislav Kropilak
4925;Garage Band
4926;Zensur
4927;Distribution
4928;WWW
4929;Alternate Reality Games
4930;90er
4931;Term
4932;Robert De Niro
4933;Michael Mann
4934;Heat
4935;Deloused in the Comatorium
4936;The Mars Volta
4937;Billy Joel
4938;The Ballad of Billy The Kid
4939;Imperial March
4940;Nach Bahrenfeld im Bus
4941;Stipendium
4942;Heinrich Böll Stiftung
4943;Promotion
4944;Die fabelhafte Welt der Amélie
4945;Coco Chanel
4946;Body of Lies
4947;Der Mann der niemal lebte
4948;35007
4949;Liquid
4950;Into the Void we travelled
4951;Mein Freund der Baum
4952;Alexandra
4953;Angora
4954;Kaninchen
4955;Zurück in die Zukunft
4956;Biff Tannen
4957;Fluxkompensator
4958;Stainless
4959;HAL 9000
4960;Marvin
4961;Lorm
4962;Dashboard
4963;Space Rock
4964;Kulturevolution
4965;Seyran Ateş
4966;Mein Esel Benjamin
4967;Hans Limmer
4968;Lennart Osbeck
4969;Esel
4970;Oracle
4971;Sun
4972;Robbie Williams
4973;No Regrets
4974;A.I.
4975;Kopflastig
4976;Laub
4977;Himmelblauer
4978;Redefine the Enemy
4979;The Future of War
4980;ÖPNV
4981;Platoon
4982;Charly Sheen
4983;Chris Taylor
4984;Djing
4985;Klausur
4986;Känguru
4987;Kopfzeiler
4988;2001 Odysee im Weltraum
4989;Athur C. Clarke
4990;2001
4991;Odysee
4992;Gameboy
4993;Höflichkeit
4994;Die illustrierte Fibel für die junge Dame
4995;Geocities
4996;Bewegung
4997;Kochen
4998;Scharf
4999;Pfeffer
5000;Scoville-Skala
5001;Capsaicin
5002;Talk 2000
5003;Harald Schmidt
5004;Helmut Berger
5005;Günter Grass
5006;Waschbär
5007;Magnum P.I.
5008;Ein ausgekochtes Schlitsohr
5009;Tom Selleck
5010;Burt Reynolds
5011;Albino
5012;Schwerkraft
5013;Klingonen
5014;Star Trek
5015;Dieter Nuhr
5016;Schrift
5017;Westdeutschland
5018;Ostdeutschland
5019;Propaganda
5020;Wild Wild West
5021;Dieselpunk
5022;Urheberrecht
5023;Entmaterialisieren
5024;Jethro Tull
5025;Total Cost of Ownership
5026;Agile Entwicklung
5027;Elefanten
5028;Bibel
5029;Stalinismus
5030;Kommunismus
5031;Wesley Crusher
5032;Sunride
5033;Konzert
5034;Lilo und Stich
5035;Pergamon Altar
5036;Imax
5037;The 4 Mens Blow
5038;Travis Beckham
5039;Squidfingers
5040;Wallpaper
5041;Kalmar
5042;Tintenfisch
5043;Squid
5044;Kultur
5045;Hartz IV
5046;Arbeitslosigkeit
5047;Pandemie
5048;Archimedes
5049;Star Wars - The Clone Wars
5050;Klonkriege
5051;Martin Kessler
5052;Cyborg
5053;Willi Lemke
5054;Caledonia
5055;Three Burials
5056;Wirtschaftswunder
5057;Strafe
5058;Verbrechen
5059;Auf der Suche nach dem Vogel der Zeit
5060;Bragon
5061;Hapag-Lloyd
5062;Mr. November
5063;Alexander Kluge
5064;Grundgesetz
5065;Piratenpartei
5066;Piratebay
5067;FC St. Pauli
5068;Wüste
5069;Schlichtheit
5070;Wo Dein Herz schlägt
5071;James Frain
5072;Thomas Cromwell
5073;The Tudors
5074;All the wine
5075;Blue Attack
5076;Gegenwart
5077;Selbstherrlichkeit
5078;Chris Stevens
5079;John Corbett
5080;Ian McKellen
5081;Sakrileg
5082;Der Da Vinci Code
5083;Heiliger Gral
5084;Opus Dei
5085;Tempelritter
5086;Prieuré de Sion
5087;Dan Brown
5088;Jura
5089;Isle of Jura
5090;Multimedia
5091;Kreativität
5092;Roter Drache
5093;Edward Norton
5094;Ralph Fiennes
5095;Hannibal Lecter
5096;Clarice Starling
5097;Will Graham
5098;Thomas Harris
5099;Inquisitor
5100;Jeff Laubenstein
5101;Shadowrun
5102;Staatskonzern
5103;Schach
5104;Munchkin
5105;Katharsis
5106;Wachstum
5107;Hans-Christoph Binswanger
5108;Thomas Strobl
5109;Schamanismus
5110;Dennis Meadows
5111;Rolf H. Dittmeyer
5112;Regelbuch
5113;Getty Images
5114;General Motors
5115;Gorleben
5116;Time Warner
5117;Google Wave
5118;A380
5119;16:9
5120;21:9
5121;4:3
5122;Sofia Coppola
5123;Kirsten Dunst
5124;Marie Antoinette
5125;Spielen
5126;Janet Aulision
5127;Larry MacDougall
5128;Mike Nielsen
5129;Nordkorea
5130;Kim Jong Il
5131;Kim Jong Un
5132;Where greed talks
5133;Cryptozoo
5134;Xbox
5135;Pornoversionen
5136;Mister Info
5137;Google Squared
5138;Wolfram Alpha
5139;Voynich
5140;Haiku
5141;Kaki King
5142;Google Videosearch
5143;Kaufhaus
5144;Hertie
5145;HVP
5146;Karstadt
5147;Krokodil
5148;Aligator
5149;Fett
5150;Zucker
5151;Golden Retriever
5152;Gelber Hund
5153;Stephen Colbert
5154;Nyle
5155;Defsage
5156;Let the beat build
5157;Sir Anthony Hopkins
5158;Titus Andronicus
5159;Jassica Lange
5160;Kinderhilfe
5161;Bosse
5162;Populous
5163;Sim City
5164;Isometrie
5166;Axonometrie
5167;Terminator 4
5168;Terminator Salvation
5169;Terminator - Die Erlösung
5170;James Cameron
5171;Bug City
5172;Public Identifier
5173;Common Tag
5174;Artie Bucco
5175;Opera Unite
5176;Marius Müller Westernhagen
5177;Grüß mir die Genossen
5178;Monkey Island
5179;Guybrush Threepwood
5180;Pride and Glory
5181;Das Gesetz der Ehre
5182;Colin Farrell
5183;John Voigt
5184;Pogo
5185;Expialidocious
5186;Marc Uwe Kling
5187;No Fear
5188;Astrid Krönig
5189;Auditorium
5190;Why's (Poignant) Guide to Ruby
5191;Linked Data
5192;Kalais
5193;Paul Julius Reuter
5194;Kruder und Dorfmeister
5195;Conversions
5196;Kemenate
5197;TED
5198;Murdoch
5199;Empire of the Sun
5200;Walking on a Dream
5201;Erik Spiekermann
5202;Mirko Borsche
5203;Page Impression
5204;Michael Jackson
5205;Farrah Fawcett
5206;Löwentöter
5207;Hühnerhüter
5208;Bärenjäger
5209;Michael Schaper
5210;Arme Ritter
5211;Disco '95
5212;Fraggles
5213;Harold Hunter
5214;Knights Onrush
5215;Christian Busse
5216;Acker und Vieh
5217;The Wind in the Widespace
5218;Unkraut
5219;Wiese
5220;Fauna
5221;Herakles
5222;Herkules
5223;Hyäne
5224;Nigeria
5225;Pieter Hugo
5226;Nemesis
5227;This is like
5228;Thomas Jefferson
5229;Widerstand
5230;Der Mann mit dem Goldhelm
5231;Rembrandt
5232;Paladin
5233;Edward Gibbson
5234;Niedergang und Untergang des Römischen Reiches
5235;Rotation
5236;Drehung
5237;Quadrat
5238;Geometrie
5239;Ansicht
5240;Chicago
5241;Geister
5242;Gundan
5243;Plants vs. Zombies
5244;Tom Dowd
5245;Vattenfall
5246;Obszönität
5247;Genre
5248;The Missing
5249;Winterwestern
5250;Hidalgo
5251;Krümmel
5252;Heidelberger Appell
5253;Hamburger Erklärung
5254;Leistungsschutzrecht
5255;The Wind in the Whitespace
5256;The Wind in the Willows
5257;Nuklearer Winter
5258;Issuu
5259;PDF
5260;Detroit
5261;Menschen
5262;Circa Survive
5263;On Letting Go
5264;Wanted
5265;Angelina Jolie
5266;Where it all happens
5267;Hugh MacLeod
5268;Meteor
5269;Asteroid
5270;Tropic Thunder
5271;Battelfield
5272;Etsy
5273;Stricken
5274;Häckeln
5275;Handmade
5276;handgemacht
5277;Leatherheads
5278;Ein verlockendes Spiel
5279;Schwingungsfähigkeit
5280;Strange Days
5281;Petty Smith
5282;Skunk Anansie
5283;Tron
5284;Tron Legacy
5285;Jeff Bridges
5286;Constantine
5287;Tilda Swinton
5288;Peter Stormare
5289;Garth Ennis
5290;Neil Gaiman
5291;BOSS
5292;Weites Land
5293;The Big Country
5294;William Wyler
5295;Chris Anderson
5296;Avatar
5297;Familie
5298;Künstliches Leben
5299;Artificial Life
5300;Die goldene Armee
5301;Guillermo del Toro
5302;Jacques Breuer
5303;Sibylla
5304;Godrey de Ibelin
5305;Balian de Ibelin
5306;Kingdom of Heaven
5307;Liam Neeson
5308;Eva Green
5309;Alexander Siddig
5310;David Thewlis
5311;Nistkasten
5312;Manufactum
5313;Thomas Jurk
5314;John Wayne
5315;True Grit
5316;Der Marshal
5317;FTP
5318;Willy DeVille
5319;Jupiter Jones
5320;Liza Minelli
5321;Elizabeth Taylor
5322;Ain't it cool News
5323;Harry Knowles
5324;TV-Spielfirm
5325;Hubert Burda Media
5326;Singles
5327;Vernunft
5328;Blade Trinity
5329;Friendfeed
5330;Tr.im
5331;URL-Shortener
5333;Dave Winer
5334;Robert Scoble
5335;Jesse James
5336;Robert Ford
5337;Die Ermordung des Jesse James durch den Feigling Robert Ford
5338;Brat Pitt
5339;Casey Afflec
5340;Zack Snyder
5341;Watchmen
5342;David Lynch
5343;Marusha
5344;Synthetische Biologie
5345;Biobricks
5346;Informatik
5347;Andreas
5348;Medium. Zeitung
5349;Pans Labyrinth
5350;Schwere See
5351;Operation Valküre
5352;Tom Cruise
5353;Inglourious Basterds
5354;Peter Fischli
5355;David Weiss
5356;Sichtbare Welt
5357;Erbarmungslos
5358;Clint Eastwood
5359;Richard Harris
5360;Aufstand der Lycaner
5361;Rise of the Lycans
5362;Next
5363;Jessica Biel
5364;Julianne Moore
5365;Audi quattro
5366;Das Vermächtnis der Tempelritter
5367;Diane Kruger
5368;National Treasure
5369;Walter Röhrl
5370;Wyatt Earp
5371;Kevin Costner
5372;Alphabet
5373;Lesekultur
5374;Patrick Swayze
5375;Butch Cassidy
5376;Sundance Kid
5377;Robert Redford
5378;Paul Newman
5379;Zwei Banditen
5380;Butch Cassidy und Sundance Kid
5381;Butch Cassidy and the Sundance Kid
5382;Jeremiah Johnson
5383;Liver-Eating Johnson
5384;Syndey Pollack
5385;The Boat that Rocked
5386;Philip Seymour Hoffman
5387;Chris O'Dowd
5388;Mad Men
5389;Aufräumen
5390;Saruman
5391;Dracula
5392;Das letzte Einhorn
5393;Horus
5394;Horus Rising
5395;Aufstieg des Horus
5396;Der große Bruderkrieg
5397;Horus Hersey
5398;Dan Abnett
5399;C901
5400;Domainfactory
5401;Bonnie Prince Billy
5402;The letting go
5403;Weird Folk
5404;New Weird America
5405;Will Oldham
5406;Desaparecidos
5407;Post-Hardcore
5408;Joel on Software
5409;Duck Tape Programmer
5410;Bowerbirds
5411;Hymns for a dark Horse
5412;Nu-Folk
5413;Freak-Folk
5414;Hokkaido
5415;Proa
5416;Reinhard Mohn
5417;Days with my Father
5418;Philip Toledano
5419;Lego Universe
5420;Massive Multiplayer Online Roleplaying Game
5421;MMORPG
5422;Space Marines
5423;Graham McNeill
5424;Ewigkeit
5425;Parachutes
5426;Hinter all diesen Fenstern
5427;Badewanne
5428;Luke Skywalker
5429;Aki Kaurismäli
5430;Chefarztfraulicher Beobachter
5431;Leisa Reichelt
5432;Mark Boulton
5433;UX
5434;Programmierung
5435;Urenco
5436;The Veils
5437;Sun Gangs
5438;Muji
5439;Hornissen-Koalition
5440;Fahrenheit 451
5441;Löwenkostüm
5442;Texteditor
5443;Editor
5444;Ultraedit
5445;Son of Rambow
5446;In Bruges
5447;Brügge sehen und sterben
5448;In Brügge
5449;Brügge
5450;Brendan Gleeson
5451;Martin McDonagh
5452;Ciarán Hinds
5453;Passion
5454;Belgien
5455;Killer
5456;Oben
5457;Hard Candy
5458;Happy-Go-Lucky
5459;Bruichladdich
5460;Lemming
5461;Charlotte Gainsbourg
5462;Dominik Moll
5463;Battlelore
5464;Days of Wonder
5465;Cosim
5466;The Machinist
5467;Brettspiel
5469;Betroffenheitsfilm
5470;Small World
5471;Vinci
5472;3:10 to Yuma
5473;Todeszug nach Yuma
5474;Matt Bauer
5475;The Island moved in the storm
5476;Philippe Keyaerts
5477;Riot-Grrrl
5478;So seltsam durch die Nacht
5479;Krups
5480;24
5481;Der schmale Grat
5482;Times New Roman
5483;Garamond
5484;El Dorado
5485;Robert Mitchum
5486;Olaf Wieghorst
5487;Howard Hawks
5488;The Stars in Their Courses
5489;Rio Bravo
5490;Rio Lobo
5491;Magnus Bergsson
5492;CCP
5493;Games 2.0
5494;Games
5495;Dust 514
5496;Isotopp
5497;Kristian Köhntopp
5498;Transformers
5499;Michael Bay
5500;Die Siedler
5501;Blue Byte
5502;Last Samurai
5503;Shriek
5504;Truffismus
5505;Leonard Kleinrock
5506;Lass die Kerne in den Oliven
5507;Betonprisma
5508;Død Snø
5509;Dead Snow
5510;Humanismus
5512;Karl Theodor zu Guttenberg
5513;Appaloosa
5514;Jeremy Irons
5515;Ed Harris
5516;John Tuturo
5517;Doom
5518;Dwayne Johnson
5519;The Rock
5520;Karl Urban
5521;DeForest Kelley
5522;James Tiberius Kirk
5523;Spock
5524;Leonard McCoy
5525;Herman Melville
5526;Ishmael
5527;On Science Fiction
5528;Bildbearbeitung
5529;Pixelmator
5530;R.E.M.
5531;Nightswimming
5532;Automatic for the people
5533;Chrome OS
5534;Google Books
5535;Publizistik
5536;Yellow Pages Endeavour
5537;In our talons
5538;Death at a funeral
5539;Humor
5540;Britischer Humor
5541;Schwarzer Humor
5542;Miyako
5543;Remate
5544;Andreas Ammer
5545;FM Einheit
5546;Deutsche Krieger
5547;Burda
5548;Gemeingut
5549;Meritorisches Gut
5550;Bundesmonopolverwaltung für Branntwein
5551;Agraralkohol
5552;Tommy Wirkola
5553;Individuelle Artikelgestaltung
5554;Sean Connery
5555;Jimmy Malone
5556;Die Unbestechnlichen
5557;The Untouchables
5558;Schmuckstücke
5559;Peter Kruse
5560;Kofpzeiler
5561;Frank Schirrmacher
5562;Thomas B.
5563;Metaerzählung
5564;Ikigai
5565;Sanshin
5566;Kajimaya
5567;Deep Space Nine
5568;Leonard Nimoy
5569;Freakangels
5570;Mister T.
5571;Carl Sagan
5572;Pale Blue Dot
5573;Sherry
5574;John Percival Hackworth
5575;Alexander Chung-Sik Finkle-McGraw
5576;Dividendenlord
5577;Scheinheiligkeit
5578;Pettersson und Findus
5579;Pettersson
5580;Findus
5581;Weihnachtsmann
5582;Sven Nordqvist
5583;Briefträger
5584;Morgen Findus wird's was geben
5585;Pandaren
5586;Panda
5587;Pandabär
5588;We were promised Jetpacks
5589;Glasgow
5590;Table
5591;Sports Illustrated.
5592;Tablett
5593;Brennende Galaxis
5594;Michael Glos
5595;Rudolf Scharping
5596;Andrian Kreye
5597;Trivialliteratur
5598;Perry Rhodan
5599;José Saramago
5600;Unterhaltungsliteratur
5601;Hochliteratur
5602;It's thunder and it's lighting
5603;Verkehrstote
5604;Commonwealth
5605;Co.de
5606;Martin Steinkamp
5607;Cybersamurai
5608;Rapidshare
5609;Senator Film
5610;NATO-Doppelbeschluß
5611;Skateboard
5612;Longboard
5613;The Dodos
5614;Visiter
5615;Durpal
5616;Kopenhagen
5617;Drupalcon
5618;Semantische Relationen
5619;Album
5620;Medium
5621;Lied
5626;Semantic Reasoner
5627;Reasoner
5628;Entität
5629;Physikalisches Objekt
5630;Gedankliches Objekt
5631;Pflanze
5632;Person
5633;Institution
5634;Tier
5635;Digitales Medium
5636;Werk
5637;TV-Serie
5638;Spiel
5639;Computerspiel
5640;Gesellschaftsspiel
5641;Ereignis
5642;Konzept
5643;Fiktionale Welt
5644;Programmiersprache
5645;Maschine
5646;Produkt
5647;Ort
5648;Kontinent
5649;Land
5650;Region
5651;Gebäude
5652;Lebensmittel
5653;Projekt
5654;Unternehmung
5655;Tätigkeit
5656;Webseite
5657;Zeitraum
5658;Jahrzehnt
5659;Datum
5660;Bildformat
5661;Jahr
5662;Fernsehsender
5663;Don’t go down in Sorrow
5664;Schauspieler
5665;Asien
5666;Eigenschaft
5667;Methode
5668;Zustand
5669;Regisseur
5670;Autor
5671;Schriftsteller
5672;Philosoph
5673;Erfinder
5674;Architekt
5675;Gruppe
5676;Bundesstaat
5677;Zeichner
5678;LSD
5679;Olympia Stadion
5680;Serie
5681;Fluss
5682;This is the life
5683;Erde
5684;Sith
5685;Künstler
5686;Blogger
5687;Zeichentrick
5688;Epoche
5689;Partei
5690;Rezept
5691;Fußballverein
5692;Verhalten
5693;Fahrzeug
5694;Bauwerk
5695;Mathilde - eine große Liebe
5696;Erster Weltkrieg
5697;Roman
5698;Straße
5699;Musical
5700;Einrichtungsgegenstand
5701;Bundesland
5702;Transportmittel
5703;Maßeinheit
5704;Finanzwirtschaft
5705;Energiequelle
5706;British Broadcasting Corporation
5707;Superbösewicht
5708;Landesbank
5709;Maler
5710;Medikament
5711;Papst
5712;Pazifik
5713;Phänomen
5714;Besitz
5715;Getränk
5716;Kleidung
5717;Material
5718;Gemälde
5719;Politiker
5720;Lost Highway
5721;Byte
5722;Speichermedium
5723;Farbe
5724;Bertelsmann Music Group
5725;Bundesministerium für Gesundheit
5726;Ministerium
5727;Build your Own Search Service
5728;Lesezeichen
5732;Troja
5733;Wolfgang Petersen
5734;Troy
5735;Beyond the beyond
5736;Handel
5737;Quellenbuch
5738;Das Model und der Schnüffler
5739;Fernsehsendung
5740;Substanz
5741;Sportler
5742;Content Construction Kit
5744;Crowd Control Productions
5745;Datenträger
5746;Messe
5747;Christlich Demokratische Union Deutschlands
5748;Seite
5749;Schloss
5750;Sprecher
5751;Webdesigner
5752;Eine schrecklich nette Familie
5753;Klasse
5754;Clusteranalyse
5755;Data Mining
5756;Cable News Network
5757;A Rush of Blood to the Head
5758;Redaktionssystem
5759;Christlich-Soziale Union in Bayern
5760;Programm
5761;Christoph Waltz
5762;Die Pfütze des Eisbergs
5763;Argument
5764;Datenspeicher
5765;Speicherformat
5766;Welt
5767;Peter Licht
5768;An Meine Freunde Vom Leidenden Leben
5769;Twin Peaks
5770;Blue Velvet
5771;Dune
5772;Der Wüstenplanet
5773;Deutscher Aktien Index
5774;Aktienindex
5775;Sünde
5776;Sachbuch
5777;Hörspiel
5778;Read Music / Speak Spanish
5779;Gestaltung
5780;Geschehen
5781;User Interface
5782;Hypertextliteratur
5783;Drama
5784;Novelle
5785;Wochenzeitung
5786;Quartettspiel
5787;Kartenspiel
5788;Programmierer
5789;Rolle
5790;Titel
5791;Blood Money
5792;Ausstellung
5793;Währung
5794;Deutsche Presse-Agentur
5795;Fraiser
5796;Disc Operating System
5797;Denial of Service
5798;Angriff
5799;Digital Subscriber Line
5800;Document Type Definition
5801;Schemasprache
5802;Digital Versatile Disc
5803;Utopie
5804;CD
5805;Pearl Jam
5806;Elektronische Datenverarbeitung
5807;Typograph
5808;Designer
5809;Kneipe
5810;Fussball-Europameisterschaft 2008
5811;Gesellschaftlicher Wandel
5812;Wandel
5813;Electric & Musical Industries
5814;Atomindustrie
5815;Schmerz
5816;Extended Play
5817;Erasable Programmable Read-Only Memory
5818;Gleichgewicht
5819;Electronic Publication
5820;Fargo
5821;Reality Bites
5822;Staatenbund
5823;Gymnasium
5824;Plutokratie
5825;Hans Jürgen Krysmanski
5826;Hirten und Wölfe
5827;Inselgruppe
5828;Ideologie
5829;Freie Demokratische Partei
5830;Landschaft
5831;Symbol
5832;Brian O’Nolan
5833;Luftfahrzeug
5834;Kriegsschiff
5835;Freiheitliche Partei Österreichs
5836;Fallingwater
5837;Guggenheim Museum
5838;Netzwerk
5839;File Transfer Protocol
5840;Claus Kleber
5841;Heute Journal
5842;Quis custodiet ipsos custodes
5843;Nacktscanner
5844;Homo homini lupus
5845;Eingabegerät
5846;Universum
5847;Space Hulk
5848;Preacher
5849;Organ
5850;Yoga
5851;The Pink Panther
5852;Jacques Clouseau
5853;Der rosarote Panther
5854;Steve Martin
5855;Liev Schreiber
5856;Julia Stiles
5857;Sam Shepard
5858;Kyle MacLachlan
5859;Ryan Reynolds
5860;Blade
5861;Kris Kristofferson
5862;Parker Posey
5863;Schnee
5864;Madita
5865;Astrid Lindgren
5866;Lokalisierung
5867;Ultramarines
5868;Omnibus
5869;Nachtjäger
5870;Die Krieger von Ultramar
5871;Toter Himmel, schwarze Sonne
5872;Uriel Ventris
5873;Pasanius Lysane
5874;Princeps
5875;Primus inter pares
5876;HBO
5877;RIA
5878;Toter Himmel
5879;schwarze Sonne
5880;Horus Heresy - Collected Visions
5881;Trading Card Game
5882;Black Library
5883;Samweis Gamdschie
5884;Bully
5885;Lucius Vorenus
5886;Titus Pullo
5887;Thickbox
5888;Lightbox
5889;Imaginism
5890;Erebus
5891;Bombarde
5892;Flyp
5893;Mag+
5894;Berg
5895;Bonnier R&D
5896;Mag
5897;Leinwandmetapher
5898;Filter
5899;tempora mutant et nos cum illis
5900;Playstation
5901;The Imperial Infantryman's Uplifting Primer
5902;Gier
5903;Dieter Wedel
5904;Ulrich Tukut
5905;Uwe Ochsenknecht
5906;Heinz Hönig
5907;Kai Wiesinger
5908;Franklin-Expedition
5909;Man Proposes
5910;God Disposes
5911;Edwin Landseer
5912;Girlfight
5913;Virtual Filmmaking
5914;Peter Sawicki
5915;IQWiG
5916;Institut für Qualität und Wirtschaftlichkeit im Gesundheitswesen
5917;Philipp Rösler
5918;The Osbournes
5919;Der 13. Krierger
5920;Omar Sharif
5921;Antonio Banderas
5922;DKV
5923;Deutsche Krankenkasse
5924;Cyberwar
5925;Hacker
5926;Ipad
5927;Drupal Gardens
5928;Wordpress.com
5929;SaaS
5930;Software as a Service
5931;Besser geht's nicht
5932;Helen Hunt
5933;Jerome David Salinger
5934;Der Fänger im Roggen
5935;Das Silmarillion
5936;Achim Höppner
5937;Gandalf
5938;J.R.R. Tolkien
5939;Radio Protector
5940;Parador de Sigüenza
5941;Spanien
5942;Burg
5943;Schloß
5944;The Superorganism
5945;Bert Hölldobler
5946;E.O. Wilson
5947;Pulitzer-Preis
5948;Internetkritik
5949;Eine feste Burg
5950;Martin Luther
5951;Prediger
5952;Revolver
5953;Colt
5954;Altgriechisch
5955;Atlas der abgelegenen Inseln
5956;Judith Schalanski
5957;Welcome to Sky Valley
5958;Betontage
5959;Max Bense
5960;Google Side Wiki
5961;Informationstheorie
5962;Semiotik
5963;Kybernetik
5964;Norbert Wiener
5965;Heinz von Foerster
5966;Konkrete Poesie
5967;Google Buzz
5968;Buzz Lightyear
5969;To infinity and beyond
5970;Aguirre, der Zorn Gottes
5971;Google Lively
5972;Bofrost
5973;Niedersachsen
5974;Smells like Niederlage
5975;Tage des Zorns
5976;Flammen og Citronen
5977;Kreuzer Eisenstein
5978;The Flight of the Eisenstein
5979;Sergei Michailowitsch Eisenstein
5980;Panzerkreuzer Potemkin
5981;Heraldik
5982;Vier Jahreszeiten
5983;Stephen Maturin
5984;Jack Aubrey
5985;Dark Angels
5986;Blood Angels
5987;Space Wolves
5988;Wargaming
5989;Konfliktsimulation
5990;Cluetrain Manifesto
5991;Markt
5992;Með suð í eyrum við spilum endalaust
5993;Frederick
5994;Leo Lionni
5995;Apothecarius
5996;Zeile
5997;Zeichen
5998;Magi Biologis
5999;Cineastic
6000;Print
6001;Elfengleich
6002;Mark McKnight
6003;Angry Birds
6004;Coco
6005;U2
6006;Rattle and Hum
6007;Forum
6008;Franz Kafka
6009;Sigikid
6010;Craig Mod
6011;William King
6012;Wolfskrieger
6013;Blut der Kerensky
6014;Kriegsliteratur
6015;Patrick O'Brian
6016;Courier
6017;Backup
6018;Mia Niemand
6019;Philipp Poisel
6020;Wo fängt der Himmel an
6021;Basic Thinking
6022;Tee
6023;Jasmin
6024;Jasmintee
6025;Spirit Bear
6026;Kermode Bear
6027;Steam
6028;Valve
6029;Counterstrike
6030;Team Fortress 2
6031;Kurs auf Spaniens Küste
6032;McDonalds
6033;Burger King
6034;Webdeveloper Toolbar
6035;Chris Pederick
6036;Public Enemies
6037;Screenshot
6038;Capture Me
6039;Große Freiheit
6040;SelfHTML
6041;Sword & Sworcery EP
6042;Superbrothers
6043;Ihpone
6044;Space Quest
6045;A thousand Sons
6046;Ultras
6047;Scalable Vector Graphics
6048;Skalierbare Vektorgraphiken
6049;Rich Internet Applications
6050;o:XML
6051;Hytex
6052;XML-Spy
6053;Macormedie
6054;Webdraw
6055;Jascc
6056;Processing
6057;CSS3
6058;Herr von Bödefeld
6059;Gunnar Heinsohn
6060;Todesfuge
6061;Paul Celan
6062;Holocaust
6063;Cross Media Publishing
6064;Single Source Publishing
6065;Aubrey und Maturin Reihe
6066;Mittelmeer
6067;The Writer's Toolbox
6068;Kurzgeschichte
6069;Gesundheitssystem
6070;Gesundkeitswesen
6071;Krankenversicherung
6072;Szene
6073;Szene
6074;Geschehen
6075;Figur
6076;Gruppe
6077;Setting
6078;Ort
6079;Gegenstand
6080;Wo fängt Dein Himmel an
6081;Frank Sinatra
6082;Günther Netzer
6083;Jacob Nielsen
6084;Microdata
6085;Greenberg
6086;Garland Jeffreys
6087;Hail Hail Rock and Roll
6088;Semantik
6089;The Griffin's
6090;Kick-Ass
6091;Mark Millar
6092;John Romita
6093;Jr.
6094;L'etat et moi
6095;Kubuntu
6096;Schlangenschwur
6097;Iron Snakes
6098;Joël Adami
6099;Windows XP
6100;Desktop
6101;Ewan Allmächtig
6102;Meet the Parents
6103;Gefühle
6104;Haar
6105;Schaumfestiger
6106;Readability
6107;Lesbarkeit
6108;Textsatz
6109;Arc90
6110;Ich möchte Teil einer Jugendbewegung sein
6111;Digital ist besser
6112;Marco Iorio
6113;Philologie
6114;Textwissenschaft
6115;Iron Warrior
6116;Klaus Fiehe
6117;1Live
6118;Raum und Zeit
6119;John Keating
6120;Malcolm McLaren
6121;Beowulf
6122;John Malkovich
6123;Feindliche Segel
6124;Silent Alarm
6125;Zwei Punk Null
6126;Blogotheque
6127;Take Away Shows
6128;Dropbox
6129;Scrivener
6130;Flaming Bess
6131;Tanz der Götter
6132;Krautrock
6133;Mumford and Sons
6134;Sigh no more
6135;Roll away your stone
6136;Dunkelheit
6137;Düsternis
6138;Iron Warriors
6139;Cliffhanger
6140;Neue Nationalgalerie
6141;Berliner Philharmonie
6142;Hans Scharoun
6143;Morsleben
6144;Nordrheinwestfalen
6145;NRW
6146;Song des Tages
6147;Schrot und Korn
6148;Naturkost
6149;Reformhaus
6150;Ernährung
6151;Frank Frazetta
6152;Pirahã
6153;Amazonien
6154;Indios
6155;Adeyaka
6156;Infinity
6157;Nissan
6158;Corporate Publishing
6159;Deviant Art
6160;SimpleXML
6161;Van Morrison
6162;Astral Weeks
6163;Fulgrim
6164;Ferrus Manus
6165;Ad Naturam
6166;Splitter
6167;Die schwarzen Wasser von Venedig
6168;Reductio ad Democratica
6169;Wolkenkuckucksheim
6170;Richard Neutra
6171;Autos
6172;Back for good
6173;Angels
6174;Dennis Hopper
6175;Arthur Schopenhauer
6176;Email für Dich
6177;Anneke Kim Sarnau
6178;Kerstin Winter
6179;Dr. Psycho
6180;Bundespräsident
6181;Werner Kummer
6182;Klaus Gietinger
6183;Totalschaden
6184;Das Autohasserbuch
6185;Christian Wulff
6186;Transmit
6187;Time Capsule
6188;Router
6189;Tamagotchi
6190;Schlachtross
6191;Monsterglotze
6192;Momox
6193;Apollo-Programm
6194;Raumfahrt
6195;Józef Teodor Konrad Korzeniowski
6196;Hearts of Darkness
6197;Ölpest
6198;Golf von Mexiko
6199;BP
6200;Fix You
6201;Wake Up
6202;2012
6203;Angeln
6204;Hobby
6205;Weltuntergang
6206;Blatt
6207;Photosynthese
6208;Frank Giering
6209;Absolute Giganten
6210;Funny Games
6211;Bernd Pfarr
6212;Duell vor Sumatra
6213;Roald Amundsen
6214;Planung
6215;Peter-Matthias Gaede
6216;Barock
6217;Stylish
6218;Parlando
6219;Dirk von Gehlen
6220;Burkhard Müller-Ulrich
6221;Wissensgesellschaft
6222;Sabaton
6223;Coat of Arms
6224;Hearts of Iron
6225;Paradox Interactive
6226;Flattr
6227;Heinz Erhardt
6228;Coca-Cola
6229;John Stith Pemberton
6230;Duck Duck Go
6231;Die Drachenjäger
6232;I gave you all
6233;Videorekorder
6234;Oman
6235;Ajona
6236;Zahnpasta
6237;Komplexität
6239;Daniel Merriweather
6240;Love and War
6241;Book Shelf Porn
6242;Vespertine
6243;Gefallene Engel
6244;Mitchel Scanlon
6245;Aza Raskin
6246;Musical Evenings with the Captain
6247;Blue Sky Noise
6248;Klavier
6249;Verantwortung
6250;Neukölln
6251;Rixdorf
6252;Richardkiez
6253;VPN
6254;Hamachi
6255;Reductio ad Naturam
6256;Scheinargument
6257;Jim Croce
6258;Cast Away
6259;Verschollen
6260;Robinson Crusoe
6261;Robinsonade
